alpha_color,alpha_texture,alpha_shape,val_macro_f1,raw_matches_ablation,effective_matches_ablation
0.3374252443136454,0.3278789386574905,0.33469581702886425,95.67683342115035,False,True
0.153826757321326,0.04752200237517985,0.7986512403034942,66.86646885123557,False,False
0.30561290873637553,0.6771998531045291,0.01718723815909506,85.24834413997965,False,False
0.4744111457987378,0.031929122061228776,0.49365973214003334,96.2992349504701,False,False
0.5168437819447825,0.11549761749148135,0.367658600563736,96.63934686148662,False,False
0.27433559260252716,0.1633762913464699,0.5622881160510029,92.54374393281927,False,False
0.35181512905761214,0.1612234841413615,0.48696138680102646,95.79296780153575,False,False
0.06798460218388128,0.5588858786696905,0.3731295191464282,73.10099369028464,False,False
0.4296914286681301,0.27328397952715144,0.2970245918047186,96.3702839842414,False,True
0.08182028075583218,0.1906863713457953,0.7274933478983725,66.98443480796202,False,False
0.16459892573730442,0.5353683344459704,0.3000327398167254,81.46006187008452,False,False
0.1774835047450226,0.34394817650208637,0.47856831875289085,86.72861406482943,False,False
0.22259495626754486,0.20840273858252764,0.5690023051499276,89.87593702113391,False,False
0.09827763374718669,0.44140208937423026,0.460320276878583,78.45093619973615,False,False
0.4731551018766023,0.03187370129831294,0.4949711968250848,96.2992349504701,False,False
0.49133828176948957,0.40706311080688135,0.10159860742362907,96.09898455213988,True,True
0.38159643518939035,0.1970617000376518,0.42134186477295776,96.44227163097526,False,False
0.014059867827037595,0.11130728111449877,0.8746328510584637,45.20962494160094,False,False
0.8250011701476636,0.11635333941565609,0.05864549043668041,95.92616077425586,True,True
0.44755473874399687,0.4065817258539607,0.14586353540204244,96.0262795123352,True,True
0.2730853906774362,0.34682498317593513,0.3800896261466288,93.80812089184822,False,True
0.585988654891694,0.23248705193200364,0.18152429317630236,96.63250027973478,True,True
0.6209524452286505,0.3525944931576355,0.026453061613714093,96.25267909372943,True,True
0.30998675917067064,0.2013589466278729,0.48865429420145645,95.07727101240513,False,False
0.8415568968176128,0.13779811802080005,0.020644985161587148,95.9618342673265,True,True
0.21510929428016398,0.5939133211022554,0.19097738461758051,83.34491791742012,False,False
0.5076149152910787,0.17937670629644814,0.3130083784124733,96.61878542892588,False,True
0.5105049572643683,0.23762019979788895,0.2518748429377428,96.62292401337858,False,True
0.062300433320725705,0.02894367696883013,0.9087558897104442,45.79959419741033,False,False
0.25349696569587254,0.21818954719516975,0.5283134871089578,92.7764021127586,False,False
0.05511893364266221,0.5646161718025224,0.38026489455481527,72.33640060926494,False,False
0.3103559151845189,0.1890852900517864,0.5005587947636948,94.88127975533943,False,False
0.344780844446966,0.08566472476352013,0.5695544307895138,94.30567526366175,False,False
0.35501008355163644,0.15904583229642089,0.48594408415194273,95.7506290913656,False,False
0.40806839563165626,0.2229130324326352,0.36901857193570853,96.54610667231368,False,True
0.334221184384002,0.4909654402439024,0.17481337537209554,92.65279892823308,False,True
0.08747209369478752,0.8565025132330679,0.05602539307214463,68.95466240973201,False,False
0.12820268316527744,0.21167661479425293,0.6601207020404696,77.45635279680837,False,False
0.12701849548711105,0.21008647483546827,0.6628950296774205,76.98173486360103,False,False
0.534592414472086,0.4061305948380928,0.059276990689821216,96.17399119992146,True,True
0.6728777076885548,0.25710690683763254,0.07001538547381272,96.29302761116568,True,True
0.2883797981637286,0.05094148495691333,0.6606787168793581,89.04766504236612,False,False
0.7407099077642536,0.22434515217762732,0.034944940058119135,96.29602794250765,True,True
0.5431266433218399,0.1607502167734574,0.2961231399047029,96.61713868102137,False,True
0.09611716188317318,0.4567268390281229,0.447155999088704,77.3604618526547,False,False
0.015025395424701502,0.8763005780232064,0.10867402655209203,66.01041715574463,False,False
0.5324228669194214,0.09282783945250518,0.37474929362807335,96.54379324206117,False,False
0.12112191098899389,0.682930596757384,0.19594749225362204,74.2746720586274,False,False
0.37807811730338187,0.2562606198234915,0.3656612628731265,96.24330536269873,False,True
0.42396229008293834,0.5502557628655381,0.025781947051523715,93.56523098765598,False,True
0.33934786451519444,0.5364655140397082,0.12418662144509719,91.59277352930683,False,False
0.5355016305395781,0.026441901167377647,0.4380564682930441,96.35652791147926,False,False
0.105001066502466,0.19269651698052864,0.7023024165170053,72.00979533692018,False,False
0.0764406085372253,0.11502079404753573,0.808538597415239,56.980047387446874,False,False
0.5732482061077427,0.16803864291702006,0.25871315097523717,96.6385200394664,False,True
0.24929165249320182,0.6315829763504711,0.11912537115632707,83.97844263622912,False,False
0.5374274626925171,0.24880095235252708,0.21377158495495582,96.57817567716424,True,True
0.5294739932280278,0.13812534118979597,0.33240066558217624,96.54396112103981,False,False
0.18557668771845126,0.1140518088745521,0.7003715034069967,80.70942616935298,False,False
0.3986435427730174,0.2674265859187583,0.3339298713082244,96.3690302983559,False,True
0.2333878206458212,0.2501335947160413,0.5164785846381377,91.85922993556723,False,False
0.7894345704196922,0.18519338211220585,0.025372047468101917,96.0433562470232,True,True
0.2992785173176458,0.18040989729069504,0.5203115853916592,94.50096125882848,False,False
0.46754546963972604,0.06278994615040745,0.4696645842098667,96.3233306320109,False,False
0.5954090661243311,0.11975497392976445,0.2848359599459045,96.50582492765535,False,False
0.8402202298499967,0.09739464284321815,0.06238512730678531,96.08011537761682,True,True
0.12335261066609902,0.5742178065624728,0.30242958277142823,77.0084894119849,False,False
0.307063173650975,0.012626110853737034,0.680310715495288,88.68209527520425,False,False
0.06479478050539124,0.8893544687463301,0.04585075074827866,67.95415221191283,False,False
0.14966670989823358,0.2225672450845202,0.6277660450172462,80.88529329896313,False,False
0.10411674277308029,0.6221595164884148,0.273723740738505,74.32595076660857,False,False
0.7146129098243164,0.14793144804773317,0.13745564212795053,96.3898157231922,True,True
0.12987385581976307,0.5363503683531596,0.3337757758270773,78.3990078239029,False,False
0.26221108477955685,0.3883845450681218,0.34940437015232123,92.97632812603021,False,True
0.4217492684648355,0.5643564151644731,0.013894316370691225,93.19311427830378,False,True
0.46391283358947194,0.4008648442741167,0.13522232213641144,96.12288474249193,True,True
0.08055253175981776,0.23877871540114415,0.6806687528390382,71.01904739014138,False,False
0.06893170351696892,0.3031315184449705,0.6279367780380606,72.76260339535206,False,False
0.0837516321968024,0.9035654459503704,0.012682921852827243,68.16962221418564,False,False
0.0146404351655244,0.7312579206740488,0.2541016441604268,67.5981122517528,False,False
0.1202419197291033,0.3887084465930318,0.49104963367786475,81.21791874787853,False,False
0.20913851813317816,0.534481882665711,0.256379599201111,85.57508707158999,False,False
0.23636958005564618,0.114678359585389,0.6489520603589649,87.3494342351471,False,False
0.4187317110837135,0.522198551279774,0.05906973763651265,94.1018377460574,False,True
0.31553052404464044,0.15788940381963804,0.5265800721357214,94.65397828114067,False,False
0.344556762367487,0.09202120067101943,0.5634220369614937,94.63507801733228,False,False
0.06862600993170233,0.4575403405161254,0.47383364955217244,74.43306223048116,False,False
0.03237101706761463,0.8813607546081438,0.08626822832424158,66.7629924288548,False,False
0.6278108665576819,0.1052957423264728,0.2668933911158452,96.46814603873294,False,False
0.41162644273521853,0.5375096982588233,0.050863859005957975,93.5808026046887,False,True
0.6065387943079494,0.13339121758473016,0.2600699881073204,96.57223323730442,False,True
0.2182237308119746,0.04515752201236305,0.7366187471756622,80.2669282398695,False,False
0.7487627372358118,0.10324475502511524,0.14799250773907316,96.08673576475526,False,True
0.5226481198947468,0.13372401345283905,0.3436278666524142,96.54941524630031,False,False
0.6499234615880032,0.036282363919393996,0.3137941744926027,96.10012048434257,False,False
0.6003929423346456,0.02850031600535831,0.37110674165999613,96.34847652995417,False,False
0.01692043626627282,0.897858276462438,0.0852212872712892,65.75267665787166,False,False
0.06818146766855958,0.3032661101740266,0.6285524221574139,72.7414436366028,False,False
0.5062250418118085,0.21942350167512087,0.2743514565130707,96.58189554270076,False,True
0.4467741020316119,0.07842517318606974,0.4748007247823184,96.3499034388337,False,False
0.08676764847774851,0.5143047123653558,0.3989276391568958,75.01846486871196,False,False
0.18150817776588937,0.3604861158005421,0.4580057064335686,87.03204892621706,False,False
0.21604740547085546,0.38981069001982693,0.3941419045093177,89.6865397567351,False,False
0.07872147987032882,0.20281429595744496,0.7184642241722262,68.06863272184208,False,False
0.5044801459604121,0.24227008017681287,0.2532497738627751,96.72666824208619,False,True
0.2018850967697784,0.5919758137528072,0.20613908947741444,82.57395247191039,False,False
0.43581614119064804,0.2911502336487232,0.27303362516062885,96.38097826378984,True,True
0.48111657000438973,0.35914819162510175,0.1597352383705085,96.20980245027702,True,True
0.6611167868631173,0.08200611990243961,0.25687709323444324,96.28871518915524,False,False
0.5083842681894297,0.39923619071310606,0.09237954109746424,96.17535643897764,True,True
0.7294844720922294,0.00901439446930648,0.26150113343846393,96.02697849087858,False,False
0.03652138680732886,0.9306872668381939,0.032791346354477155,66.07778781058458,False,False
0.24734481866517258,0.02886459100301979,0.7237905903318076,82.59341226500473,False,False
0.21161661254181713,0.42986419700186745,0.35851919045631536,88.20790079653311,False,False
0.2348905041729434,0.5056320851125237,0.25947741071453306,88.0625735110997,False,False
0.3358370165974228,0.007480645576249196,0.656682337826328,90.79660552634964,False,False
0.4843318499117169,0.17249705065409843,0.34317109943418456,96.71080138076644,False,True
0.28725273681441416,0.23035148014234547,0.4823957830432404,94.63275277264788,False,False
0.4745470385663793,0.19716960939051495,0.3282833520431057,96.65502868182568,False,True
0.5049857082775936,0.08640842294482745,0.408605868777579,96.55500972441078,False,False
0.1178512945962521,0.7903959433814939,0.09175276202225405,71.18494394051964,False,False
0.34614959458124134,0.6174829270018881,0.03636747841687061,89.54181592012948,False,False
0.23304082566684453,0.6402974428516882,0.12666173148146728,82.64329419910328,False,False
0.3613121155702192,0.4874966157469295,0.15119126868285124,93.59468121654676,False,True
0.031659840787766395,0.5462355783462879,0.42210458086594566,70.83368291227423,False,False
0.26095641755582055,0.14335940398089134,0.595684178463288,90.92772931520561,False,False
0.6210151082763028,0.309556999361247,0.06942789236245028,96.29535950299399,True,True
0.2639910217790442,0.4367070337221698,0.299301944498786,91.97816439544492,False,False
0.1875050521408184,0.1858176528145612,0.6266772950446204,85.07375225653804,False,False
0.7166766779594905,0.03932670311349632,0.2439966189270133,96.0919387021265,False,False
0.8237950798895419,0.003997969546048799,0.17220695056440935,95.9688480547004,False,False
0.20934780463987152,0.353083254543529,0.43756894081659947,89.38703827972326,False,False
0.44774867693487774,0.0946248877578619,0.45762643530726055,96.38586656334033,False,False
0.5381696065607687,0.17615454296881455,0.28567585047041666,96.59127156287973,False,True
0.4416226817677661,0.005469141196975026,0.5529081770352591,95.64100392884625,False,False
0.02037511546458292,0.9227199869083267,0.056904897627090445,65.71095998212633,False,False
0.10393075443117927,0.18967929504806624,0.7063899505207546,71.71519018290594,False,False
0.034367066447632766,0.6187835429633612,0.346849390589006,69.87816041657202,False,False
0.3071069965802279,0.03463901366344776,0.6582539897563243,89.92633326788652,False,False
0.12997067330259465,0.8226632660420155,0.04736606065538994,71.08934498993736,False,False
0.459308985405513,0.027565617868255406,0.5131253967262316,96.20690461735035,False,False
0.30795627436620243,0.3434046901650845,0.34863903546871305,95.01058085332856,False,True
0.6441864862829604,0.0331950425392637,0.32261847117777587,96.13289117112,False,False
0.13903110932053858,0.1492688660078841,0.7117000246715774,74.85599467139808,False,False
0.6026480664021658,0.327005440516069,0.07034649308176515,96.25223931971347,True,True
0.38353595912684246,0.09999634589634672,0.5164676949768108,95.6426724381583,False,False
0.10443141708867473,0.6390114778538653,0.2565571050574601,73.47723297944674,False,False
0.05900082317958702,0.8617359177149574,0.07926325910545569,68.01951246645037,False,False
0.8082127250259405,0.1246187356831501,0.0671685392909094,95.9618342673265,True,True
0.08596559220396281,0.31442380491689537,0.5996106028791417,75.64584859894342,False,False
0.29393136651355906,0.14546676464820663,0.5606018688382343,93.28807126877837,False,False
0.3124357689143815,0.035930708545417966,0.6516335225402005,90.46333557824553,False,False
0.09816214623075593,0.8264304639660471,0.07540738980319685,69.98805871368054,False,False
0.3012235908459176,0.6565683634698198,0.04220804568426271,85.73810211438477,False,False
0.788174010270395,0.134240607174013,0.07758538255559201,95.9618342673265,True,True
0.5263652208711084,0.22086095799828334,0.25277382113060815,96.56772891353657,False,True
0.21579503274128697,0.20664090153090703,0.5775640657278058,89.3374773865593,False,False
0.5029629094114328,0.2575361413705806,0.23950094921798643,96.70436075973072,True,True
0.23846858961047832,0.4168038840847778,0.34472752630474396,90.70368593980366,False,False
0.09230482170559764,0.46197463989668686,0.4457205383977155,76.65609176233843,False,False
0.12947906115837834,0.7705971870811926,0.0999237517604291,72.49849584402932,False,False
0.4772834560443353,0.48853462269296366,0.03418192126270089,95.66224834902302,False,True
0.02441415246313197,0.8867069306232492,0.08887891691361885,66.18096457894963,False,False
0.27176026425549227,0.23711660251904126,0.4911231332254666,93.9202079526987,False,False
0.29501363967259914,0.6513333696666348,0.05365299066076594,85.64305539268456,False,False
0.4742846768402079,0.19739173274079075,0.3283235904190013,96.65502868182568,False,True
0.7066858853632016,0.09227225583845422,0.20104185879834421,96.12840504166289,False,False
0.7476547072795787,0.22941182743542612,0.022933465284994996,96.29602794250765,True,True
0.8423655473430789,0.051646361057375016,0.10598809159954606,95.99257273399158,False,False
0.48096144159044274,0.1967071606753585,0.3223313977341989,96.63320164191718,False,True
0.21905864940007228,0.00845799899247059,0.7724833516074571,77.50807080295013,False,False
0.7870176845699248,0.13283250850202613,0.08014980692804904,96.14529452237512,True,True
0.6006694677303893,0.14182784286676023,0.2575026894028504,96.60128220225963,False,True
0.46749795542745104,0.09733876300961988,0.43516328156292905,96.46030274838941,False,False
0.2905244218544408,0.26082203728669473,0.44865354085886444,94.88777274045273,False,True
0.023827484712931432,0.6085232004872383,0.3676493147998305,69.3164031140947,False,False
0.32593552555973954,0.41874049897054844,0.2553239754697122,94.34866368762837,False,True
0.39483114442715905,0.23371956766433455,0.3714492879085064,96.3682603416336,False,True
0.34397513644891037,0.14325417507209973,0.5127706884789899,95.14853638571091,False,False
0.3968056641531214,0.525686758328783,0.07750757751809567,93.51557306726595,False,True
0.4113401717963384,0.5688967901860522,0.01976303801760916,92.76317195293537,False,True
0.3135945992076127,0.5227480230348273,0.1636573777575602,91.17112532161111,False,False
0.5531858731149408,0.38971928677611306,0.05709484010894608,96.13111503625348,True,True
0.12570323670300795,0.7062355185644482,0.16806124473254377,74.11133111693998,False,False
0.31677957406817586,0.5511322517688344,0.13208817416298974,90.54375967239226,False,False
0.09624393542469978,0.24599554134652513,0.6577605232287751,74.41850603351793,False,False
0.21599840744567028,0.29860142238455556,0.4854001701697741,90.5930345685637,False,True
0.27911702000737726,0.19574904511373964,0.5251339348788834,93.69446443312154,False,False
0.5264585845216255,0.19005572353688086,0.2834856919414937,96.60542426034357,False,True
0.343184289305594,0.0960897115340458,0.5607259991603601,94.65940861634768,False,False
0.8124181142441304,0.05018697166023902,0.13739491409563065,96.01471618764027,False,False
0.6138582280268473,0.35318909879582583,0.03295267317732689,96.27188326335961,True,True
0.795343359708957,0.14874011261628833,0.05591652767475489,95.97972012889662,True,True
0.37359995629917714,0.022115434119701054,0.6042846095811218,93.6095949608363,False,False
0.4179555186984343,0.204949098897105,0.3770953824044607,96.60129474232778,False,True
0.23790896979289447,0.5130856968133307,0.24900533339377487,87.86276972694573,False,False
0.1393566605761267,0.2620310875900902,0.5986122518337833,81.56326787676052,False,False
0.13138629770713936,0.8412539928500772,0.027359709442783355,70.83416653389084,False,False
0.36723708463870075,0.2839713094567854,0.3487916059045138,96.07314561967094,False,True
0.2823183059228699,0.07548460884351384,0.6421970852336163,89.74576912072952,False,False
0.252444940537353,0.4647851278528482,0.2827699316097989,90.58692244886221,False,False
0.5513932119050206,0.43037244499578486,0.018234343099194708,95.9878720693419,True,True
0.5082292315534073,0.13475439803041311,0.3570163704161797,96.60817753022923,False,False
0.665961588280114,0.25512629397852776,0.07891211774135834,96.29302761116568,True,True
0.20430566050343654,0.03210840251435475,0.7635859369822086,77.65170110666911,False,False
0.185231635125399,0.4329503998033921,0.3818179650712088,86.4762960716634,False,False
0.021031659366417436,0.904184106972578,0.07478423366100458,65.75087999931159,False,False
0.041957978901637924,0.6239088343432952,0.3341331867550667,70.23623406672087,False,False
0.29195676793375686,0.6060908955719451,0.10195233649429798,87.47912833842739,False,False
0.797692292579561,0.002699761346196928,0.19960794607424207,96.0137338713852,False,False
0.5139384544311958,0.005728978681737051,0.4803325668870671,96.32807121798635,False,False
0.26900373491988583,0.026370630609741937,0.7046256344703723,85.10481614858746,False,False
0.3615755862837033,0.5970241528392793,0.04140026087701745,90.57380376299749,False,False
0.28819355072462616,0.08632408799936778,0.6254823612760061,90.64733839653336,False,False
0.34001108698420124,0.49327394584877743,0.16671496716702125,92.69778058996904,False,True
0.2075352002728451,0.449582102132714,0.34288269759444084,87.57502211452729,False,False
0.021147986031379414,0.05413127081065727,0.9247207431579634,42.02706476676713,False,False
0.5704602712952686,0.3536156394242226,0.07592408928050895,96.29120957541673,True,True
0.3002492162695895,0.6238334151078773,0.0759173686225332,87.25997696132237,False,False
0.40983464207335146,0.3713251892993836,0.21884016862726502,95.99684208646264,True,True
0.4316181254649801,0.3627658682820766,0.20561600625294338,96.33691930675774,True,True
0.023299864292184707,0.13135196592451603,0.8453481697832992,49.0742887481456,False,False
0.17556565062937327,0.1219914093972299,0.7024429399733969,79.6672709909781,False,False
0.1663207044819835,0.4601208149066835,0.37355848061133307,84.70664731766894,False,False
0.48822066236029343,0.1529030040225798,0.3588763336171268,96.71973307931108,False,False
0.5295260831765064,0.24770127594974464,0.22277264087374896,96.57817567716424,True,True
0.24160509111653,0.4657329990806091,0.29266190980286094,90.04032362214119,False,False
0.2546974005381513,0.5029029725504947,0.2423996269113542,89.29233189795245,False,False
0.849614247552085,0.07838892368282366,0.07199682876509131,96.01032637511993,True,True
0.24875513027721782,0.5485199603449203,0.20272490937786175,87.14399593413951,False,False
0.18222488053861896,0.10747563904896641,0.7102994804124148,79.6153130945661,False,False
0.7160719992396721,0.15045620296210005,0.13347179779822768,96.3898157231922,True,True
0.02261284892485423,0.31139629115761663,0.665990859917529,66.54342499300154,False,False
0.2914776741560534,0.6992689383658334,0.009253387478113191,84.05745356650222,False,False
0.8203270878138755,0.011790478646857085,0.1678824335392672,95.9688480547004,False,False
0.06818845673329428,0.42999302065278594,0.5018185226139197,74.65351121912899,False,False
0.6721917066836965,0.04229127317076904,0.28551702014553443,96.10377500912347,False,False
0.11838373434639524,0.059307172734816095,0.8223090929187886,59.32797677015264,False,False
0.4175259177936645,0.08508516738199523,0.49738891482434033,96.07665253295934,False,False
0.6380053157113901,0.0035981375342946324,0.35839654675431537,96.15406587641301,False,False
0.7138771947301127,0.0010370406758407216,0.2850857645940467,96.07887055324257,False,False
0.38829954270675393,0.16551765306398825,0.44618280422925777,96.30493813937359,False,False
0.6009963544448584,0.2058513226935231,0.19315232286161851,96.54513474243849,True,True
0.04887943559280631,0.20360636848196456,0.7475141959252292,62.12288651513293,False,False
0.13920029427664332,0.17404559955295978,0.6867541061703969,76.96984353602623,False,False
0.15698504692904014,0.017715054299265846,0.8252998987716939,63.90497775025641,False,False
0.7497557016142913,0.1550425162124746,0.09520178217323416,96.22437108779232,True,True
0.2944395321790308,0.6918773871307492,0.013683080690219951,84.37785785479134,False,False
0.20544172933207253,0.31502601340310127,0.4795322572648262,89.47392626315676,False,True
0.3367618325485997,0.019071913127386295,0.644166254324014,91.3086118090568,False,False
0.33469398114529403,0.66400411460435,0.0013019042503558478,87.3225176708097,False,False
0.21209548767389497,0.7194099084794536,0.06849460384665138,79.28300789582235,False,False
0.5045721234045577,0.41158167903504483,0.08384619756039764,96.13243659222138,True,True
0.41404812331600666,0.4294539493738704,0.15649792731012274,95.53080991308622,False,True
0.1579698853073393,0.6485974516391324,0.19343266305352827,78.23674913436129,False,False
0.5941950155542184,0.24196403226531704,0.16384095218046466,96.56310577247396,True,True
0.4703604592850043,0.32216013208232397,0.20747940863267164,96.60402876092466,True,True
0.031320778915808735,0.9148212856817766,0.053857935402414736,66.07008796714511,False,False
0.04150711547013865,0.5483485525072073,0.4101443320226542,71.45233700666981,False,False
0.4153639369712058,0.06917420931175372,0.5154618537170405,95.84969447445508,False,False
0.7890319085328107,0.030838040872796513,0.18013005059439272,96.00394357639715,False,False
0.7851905439563674,0.12868619499856856,0.08612326104506395,96.14529452237512,True,True
0.9719824672875522,0.004054230018887773,0.023963302693559934,95.82213076240113,False,False
0.3908533199444654,0.07007555949593522,0.5390711205595994,95.45463082879174,False,False
0.4937179566470405,0.36891692199643034,0.13736512135652929,96.18592774890783,True,True
0.10229136380144045,0.04607898467191375,0.8516296515266458,54.991014081609926,False,False
0.09755335131677502,0.1897049166703171,0.7127417320129079,70.48839441544234,False,False
0.03328991479906923,0.9100650796239474,0.056645005576983265,66.18302413293986,False,False
0.07788613425110243,0.03138272630786982,0.8907311394410278,48.86248896497369,False,False
0.5902207325281729,0.2164161602065805,0.19336310726524666,96.58063095014593,True,True
0.1118256654709095,0.4337893768766999,0.4543849576523907,79.81469826806519,False,False
0.30469607861976317,0.3417794954743894,0.3535244259058475,94.91963960791472,False,True
0.009019872870613819,0.5410577552135517,0.4499223719158344,69.1622461473212,False,False
0.6227327462805157,0.03807469004264772,0.33919256367683664,96.26363691512995,False,False
0.4389371348848291,0.44954709845448465,0.11151576666068624,95.61752487211145,False,True
0.6381130027517303,0.3136352475638453,0.048251749684424416,96.30220290796878,True,True
0.8377477237191296,0.10486179100050473,0.057390485280365604,95.92616077425586,True,True
0.4886611991386829,0.2797276618021339,0.23161113905918318,96.6479916790152,True,True
0.021295996525127606,0.3325028359308982,0.6462011675439743,68.12071771455152,False,False
0.2776446379984913,0.5907157671548631,0.1316395948466455,87.00666104633468,False,False
0.05234330223646859,0.7567919791449494,0.19086471861858187,68.76814666876967,False,False
0.40467069815168616,0.20383511346182218,0.39149418838649164,96.49913188860683,False,True
0.1456729785214854,0.02361074538785502,0.8307162760906595,60.80853892711531,False,False
0.07441393016486725,0.152800069153099,0.7727860006820337,61.94607880536448,False,False
0.2647141772384955,0.21061111599886537,0.5246747067626392,93.1019424926225,False,False
0.12112968755182967,0.45252716765573303,0.4263431447924373,80.23841111936602,False,False
0.6421419277948734,0.3173116983836105,0.04054637382151607,96.23506198621963,True,True
0.1968913869599245,0.5452616189750928,0.2578469940649825,84.6856620923932,False,False
0.31617651092711757,0.07642383281216242,0.60739965626072,92.08429579486308,False,False
0.04985003197163612,0.05451469767695558,0.8956352703514082,45.83716117564531,False,False
0.4341399534461956,0.5490392017011618,0.016820844852642413,93.76910215720058,False,True
0.12115691079431092,0.18546771844108909,0.6933753707646002,74.46219272727943,False,False
0.7340907581547689,0.004809304851933877,0.2610999369932973,96.02697849087858,False,False
0.216807507207638,0.7288861129753456,0.054306379817016456,79.28214540313658,False,False
0.2869172998076683,0.42623754063030045,0.28684515956203127,93.34643313893937,False,True
0.406828403364383,0.5416044581033068,0.051567138532310264,93.46677516548216,False,True
0.7343909645476583,0.10302329733270865,0.16258573811963317,96.09522500944063,False,True
0.5799742740326935,0.33666132055116654,0.08336440541614008,96.30509364988733,True,True
0.22040553796852969,0.39460907080055363,0.3849853912309168,90.03884565885768,False,False
0.27561242121068713,0.562667662585765,0.16171991620354803,88.51640927248854,False,False
0.07496383129120218,0.11110200134596576,0.813934167362832,56.43655266813923,False,False
0.2454906192525948,0.40371827252047765,0.35079110822692755,91.45303860465675,False,False
0.29177022741018893,0.6183615644424242,0.0898682081473869,86.93042739047142,False,False
0.3472960050808475,0.10681989316213591,0.5458841017570166,94.8713112319106,False,False
0.14314040289757615,0.13921069146259865,0.7176489056398252,74.75095838225155,False,False
0.07183153396545507,0.2716761401986126,0.6564923258359324,71.7926388089461,False,False
0.08132973382505582,0.7088850753189342,0.20978519085601005,71.00345889170376,False,False
0.2432008711395449,0.27992802655045784,0.4768711023099973,92.33820605106857,False,True
0.0835565250780274,0.32643211255290927,0.5900113623690633,75.83706336405001,False,False
0.67864125592327,0.24038585544892252,0.0809728886278077,96.2889056204599,True,True
0.1146181493336426,0.5622208285731267,0.32316102209323067,76.66461976998697,False,False
0.16480460713524167,0.013302097244767596,0.8218932956199907,64.70488386444931,False,False
0.15389620585340122,0.554612362451864,0.29149143169473474,80.15394109056936,False,False
0.5034831422565107,0.0969379818297088,0.39957887591378055,96.66926210820839,False,False
0.6782427775617292,0.16361448786386348,0.15814273457440725,96.46538369065503,True,True
0.5160332997128306,0.25370302491302693,0.23026367537414247,96.69211897423406,True,True
0.007017118529085313,0.5598585731707271,0.4331243083001875,68.93954190046038,False,False
0.25389458957393246,0.49175822314103695,0.25434718728503075,89.66581014317913,False,False
0.033914828271303425,0.043233153836440434,0.9228520178922561,43.244726243237395,False,False
0.4048373688494755,0.14269865599090611,0.45246397515961845,96.40904830609993,False,False
0.21542350395065532,0.4584655138399459,0.32611098220939894,88.43063509521944,False,False
0.24644504944485116,0.0010035010837980026,0.7525514494713509,80.42092718519844,False,False
0.07005519080123454,0.7351559610422292,0.19478884815653622,70.06651761640043,False,False
0.18283708847111202,0.4446648390584069,0.37249807247048117,86.19848475276413,False,False
0.4526491886053395,0.07619836482073362,0.4711524465739268,96.3499034388337,False,False
0.3819968740290927,0.2180470645291709,0.3999560614417364,96.32286937509541,False,True
0.5948164900416292,0.20499672247421433,0.2001867874841564,96.58063095014593,True,True
0.7406840962689081,0.0257166318503191,0.23359927188077287,96.05728039428193,False,False
0.5967138099145723,0.07460736590103889,0.3286788241843888,96.43882192356382,False,False
0.10190483959972998,0.8569254299018211,0.041169730498449,69.62926656294516,False,False
0.20242070138397972,0.27485959357658096,0.5227197050394394,88.39877989173372,False,True
0.3368526602041005,0.6030205153570831,0.060126824438816305,89.61446468859424,False,False
0.29069030547208347,0.44798112510714705,0.26132856942076954,92.93920041080406,False,True
0.41411262028826645,0.24486855639662639,0.3410188233151071,96.39904488848957,False,True
0.06329876881658186,0.5417331455683759,0.3949680856150422,73.17515153163411,False,False
0.1968343408843243,0.23860695634812318,0.5645587027675526,87.65590082771743,False,False
0.08278116807371687,0.6172767391751157,0.2999420927511675,72.85088229592034,False,False
0.33526704099155163,0.5732576106994192,0.09147534830902902,90.37836670577035,False,False
0.47883170543068243,0.03670531144319759,0.4844629831261199,96.2494485841652,False,False
0.18406135174709679,0.48263429499000143,0.3333043532629018,85.1780014013834,False,False
0.5754744187771461,0.19736103433438723,0.22716454688846674,96.62154502942299,False,True
0.5441598665386597,0.16827042845655554,0.2875697050047848,96.63060130144814,False,True
0.09351370128736841,0.5249110265990157,0.3815752721136158,75.12766161865805,False,False
0.34143770919167854,0.35899890944080887,0.29956338136751265,95.37125622018988,False,True
0.031896142103227776,0.14435694632772025,0.8237469115690519,52.06416926718648,False,False
0.2735281267047218,0.26843765319494506,0.45803422010033323,94.29122162008574,False,True
0.36312685521054067,0.33659443784738236,0.30027870694207703,95.91428144702374,True,True
0.03155658589594485,0.34535648143460634,0.6230869326694488,69.84141854579923,False,False
0.0924063067336303,0.6259062211878561,0.28168747207851363,73.03502456818218,False,False
0.31154572572453815,0.2445551337905914,0.44389914048487045,95.17715651971398,False,True
0.3696893656004523,0.46642828982394674,0.16388234457560083,94.18034945643926,False,True
0.2581794924274449,0.09708171837231468,0.6447387892002404,88.31433674608698,False,False
0.2588363362023318,0.25486507744988335,0.48629858634778483,93.27530762084709,False,True
0.06928842648444346,0.07224566435506609,0.8584659091604905,51.32178403692177,False,False
0.5152733737123802,0.4754351385255544,0.009291487762065327,95.836085607346,True,True
0.11088952347194724,0.5157284863419607,0.373381990186092,77.22634525444788,False,False
0.25130208941076626,0.519307169714816,0.22939074087441785,88.559333563105,False,False
0.4698403588184172,0.3382645226434531,0.19189511853812974,96.44026657169992,True,True
0.17391562258484558,0.14840927428993334,0.6776751031252212,81.18868729498084,False,False
0.0539044909442364,0.27717840088528845,0.6689171081704751,69.21411268652676,False,False
0.18822409640513668,0.6859981809243542,0.12577772267050916,79.13906171599513,False,False
0.06919329883458483,0.901174989808347,0.02963171135706833,67.75499197006653,False,False
0.2943563663966798,0.21993251284786555,0.48571112075545464,94.73321633772129,False,False
0.33968270165497383,0.16756895305974076,0.4927483452852855,95.49172619348337,False,False
0.0360204064716608,0.2983287091278879,0.6656508844004512,67.96985998656164,False,False
0.553266064163824,0.18064130544653165,0.26609263038964426,96.58741528557331,False,True
0.2262600152550193,0.18832459290653933,0.5854153918384414,89.8093958932474,False,False
0.3614528282442647,0.3418647854777673,0.29668238627796806,95.85492739548658,True,True
0.2970167226887083,0.6287791719536263,0.07420410535766546,86.88295847036065,False,False
0.41367769781614705,0.0028970412931829566,0.58342526089067,94.69272960603502,False,False
0.1329432422613065,0.1501121855094062,0.7169445722292873,73.91643472383817,False,False
0.9306490333236793,0.06895315775418483,0.0003978089221357866,95.76345648701793,True,True
0.15124242982864497,0.7905778095010451,0.05817976067030982,73.5150483946182,False,False
0.3209232125917409,0.6030196998861813,0.07605708752207771,89.24050126201958,False,False
0.051620973446974555,0.7658970310753649,0.1824819954776607,68.70984900963539,False,False
0.26820627757629395,0.6913190300418347,0.04047469238187115,83.35802643902451,False,False
0.4595882118826082,0.4058792370924708,0.1345325510249208,96.06476118198675,True,True
0.13780795937571358,0.3119955626644834,0.550196477959803,82.77280731536091,False,False
0.3948365457159242,0.5557070466093202,0.04945640767475555,92.65253933315026,False,True
0.15129230590266646,0.7385607078513653,0.11014698624596826,74.32153958011287,False,False
0.014788436821347966,0.39084059996235637,0.5943709632162956,68.46636985923914,False,False
0.14567018120489272,0.4492074970689216,0.40512232172618573,82.61022054727756,False,False
0.2312638409941683,0.5069052466089423,0.2618309123968894,87.83055049602059,False,False
0.18676960639195492,0.5609381490833506,0.2522922445246944,82.93013495176876,False,False
0.09432492668403701,0.05154045058513758,0.8541346227308253,54.173931379675736,False,False
0.28900001384837076,0.4780733908690202,0.23292659528260914,91.73744256582535,False,False
0.0826424443537783,0.682351835935462,0.23500571971075965,71.69454122379958,False,False
0.09403003799327421,0.26917950866707807,0.6367904533396477,75.69869418341433,False,False
0.2459005352767572,0.1135833842362344,0.6405160804870084,88.11182693876258,False,False
0.17568259613511408,0.6863814154743628,0.137935988390523,78.7874153476366,False,False
0.3165745696863842,0.23228965107188307,0.45113577924173287,95.24208571639036,False,True
0.05274184780381932,0.32286154613135953,0.6243966060648212,71.36807171978418,False,False
0.11417018430087504,0.0072006992981279655,0.8786291164009971,52.67363310442469,False,False
0.29681012768970955,0.4980686278324101,0.20512124447788027,91.5923823040795,False,False
0.3029337776533249,0.45227649126626857,0.24478973108040653,93.33828588935341,False,True
0.948070311842012,0.018520300230898224,0.03340938792708975,95.93614740749453,False,True
0.26784742289299807,0.11120061382256985,0.620951963284432,90.32824828487522,False,False
0.5127603522759573,0.274922337140526,0.21231731058351677,96.6019551256238,True,True
0.565125873884825,0.10428996418812649,0.3305841619270483,96.5638340948777,False,False
0.392428796338731,0.4430064262470554,0.16456477741421363,94.7564273171767,False,True
0.04528457993382412,0.43317793506892566,0.5215374849972501,72.55313294638849,False,False
0.12141240912375587,0.05353506307113998,0.8250525278051042,59.41034117621893,False,False
0.8858278060711186,0.060003109150379055,0.054169084778502394,95.92887257378173,True,True
0.2614380563341379,0.7006420785848508,0.03791986508101118,82.79635879708098,False,False
0.37067975121463115,0.2459021712965843,0.38341807748878454,96.2122314194127,False,True
0.42565530628356424,0.34143662336349295,0.23290807035294278,96.19726646272862,True,True
0.5305632829808179,0.2534984512299719,0.2159382657892101,96.62557682164079,True,True
0.30022062330908,0.5602596524219581,0.13951972426896175,89.63194216759511,False,False
0.7059217330913761,0.2646420940014941,0.02943617290712976,96.25818680952311,True,True
0.46677837433632774,0.48497973778432246,0.04824188787934991,95.66224834902302,False,True
0.5076915408772685,0.3100408840592309,0.18226757506350064,96.52819609380093,True,True
0.12457331981815772,0.5781041070235028,0.2973225731583395,77.36118354130286,False,False
0.14639126653584353,0.09680851905451013,0.7568002144096464,71.29120504721566,False,False
0.2589806137395807,0.507601287601595,0.23341809865882435,89.22295358059851,False,False
0.12326459837397304,0.578254556622037,0.2984808450039898,77.33648855649623,False,False
0.18800500019680985,0.3438782213142689,0.46811677848892136,87.33917724097101,False,False
0.33175813855876124,0.25407855182436706,0.4141633096168716,95.58290724154106,False,True
0.16003591950166118,0.19218110625034693,0.6477829742479919,81.46601690337761,False,False
0.13350572251335113,0.1314535524641642,0.7350407250224846,72.33035432815848,False,False
0.6274543120574292,0.14779716990410258,0.22474851803846824,96.53846646254223,False,True
0.5591559837183607,0.03163815187556378,0.40920586440607565,96.4353107036005,False,False
0.06744092673246181,0.7021821384366035,0.23037693483093466,70.49800733604434,False,False
0.8419054376072393,0.002322891219346559,0.1557716711734141,95.94009773210435,False,False
0.20141283747318653,0.7802405722608551,0.018346590265958532,77.22143115834912,False,False
0.33403787132755614,0.5588248923043229,0.107137236368121,90.88717604773262,False,False
0.9013908664347549,0.011057104541692434,0.08755202902355279,95.94331421341501,False,False
0.1375127832891099,0.26666829311233214,0.595818923598558,81.54142326467574,False,False
0.5927460363352549,0.16209343806423784,0.24516052560050733,96.6385200394664,False,True
0.7518436961951726,0.14843738506425613,0.09971891874057137,96.22437108779232,True,True
0.2232086990690062,0.7069279494165471,0.06986335151444663,80.32862765113286,False,False
0.2750344388317456,0.6135199159611789,0.11144564520707556,85.99199156379022,False,False
0.26471236151692723,0.34993490182082143,0.3853527366622514,93.5519246922379,False,True
0.43379983683741014,0.3892315286816508,0.17696863448093916,96.11699440940228,True,True
0.7539396870390447,0.16706659509319685,0.07899371786775838,96.0433562470232,True,True
0.3127021709017281,0.5872196377620356,0.10007819133623647,89.54003324327408,False,False
0.6742226528790153,0.3009649435713789,0.02481240354960593,96.25407497632786,True,True
0.09744331647465741,0.41021726543647297,0.49233941808886966,79.0064445348806,False,False
0.14543529265957233,0.5465038071957314,0.30806090014469606,79.46767251505797,False,False
0.825514966879604,0.03462425240690302,0.13986078071349287,96.029300663953,False,False
0.19604716490013918,0.3090957839131017,0.49485705118675904,87.99322761107334,False,True
0.44970177933606575,0.44011114074151636,0.1101870799224179,95.85598129426049,True,True
0.7027749360799833,0.10196210000097528,0.19526296391904158,96.1576776851663,False,True
0.670762825189763,0.046274215587970735,0.2829629592222661,96.10377500912347,False,False
0.17557179947032706,0.5919841576719671,0.23244404285770587,80.97862773602697,False,False
0.13739721944963343,0.004238832276082854,0.8583639482742838,57.45641085459885,False,False
0.0779845340495118,0.6683802622760369,0.25363520367445125,71.49135061711227,False,False
0.5339125759544819,0.02698215939811638,0.4391052646474018,96.35652791147926,False,False
0.9063046301408365,0.06923423410650192,0.024461135752661615,95.76345648701793,True,True
0.6036518855572023,0.17369509207924336,0.2226530223635543,96.6385200394664,False,True
0.3073216068731493,0.48141664540688356,0.21126174771996728,92.41915004369109,False,True
0.3848032055043713,0.0286145423402928,0.5865822521553359,94.36373391698436,False,False
0.24484492315214967,0.2123063434063178,0.5428487334415325,92.11425195293988,False,False
0.2135876931845288,0.05200073976421837,0.7344115670512529,80.06131004075239,False,False
0.05154460821449346,0.4383462980165524,0.5101090937689541,73.19588163922057,False,False
0.12692477703264293,0.5015170966607411,0.3715581263066161,78.76478825473605,False,False
0.15575396706456554,0.5004230080326858,0.3438230249027485,82.68606808306967,False,False
0.06602997913354292,0.7405469466867483,0.19342307417970897,69.8208381106036,False,False
0.5333042726256274,0.16112637239537866,0.3055693549789939,96.68768271796537,False,True
0.13621707013180334,0.175882764733403,0.6879001651347936,76.55281311313315,False,False
0.2976492133219132,0.5999787353475445,0.10237205133054228,88.30189283223288,False,False
0.07333102137219696,0.4537944101481525,0.47287456847965054,74.84397534656554,False,False
0.813925017004125,0.09110148944942191,0.09497349354645314,96.03522956093202,False,True
0.689121462678342,0.2011961606693569,0.10968237665230099,96.30597314522002,True,True
0.08401193747664361,0.2627240756321807,0.6532639868911757,73.04744952850835,False,False
0.15054707927256286,0.34082570883690544,0.5086272118905317,84.24689026247081,False,False
0.1641286899572485,0.5076405530362117,0.3282307570065398,82.9104399705555,False,False
0.5482656737107453,0.23609869254364568,0.21563563374560907,96.54718522023066,True,True
0.3186169645824533,0.440771955129561,0.24061108028798564,93.82475617016411,False,True
0.1844312856963708,0.555166757991873,0.2604019563117564,82.96160601290904,False,False
0.08180624266597956,0.6737824256240484,0.244411331709972,71.67603086876798,False,False
0.14864844365609003,0.3245405944142207,0.5268109619296892,84.13054730769446,False,False
0.8158607315478754,0.1721836527563619,0.011955615695762601,95.97972012889662,True,True
0.16978258681883376,0.020374004224338237,0.809843408956828,66.94306065528242,False,False
0.061550522777115924,0.02811882624676449,0.9103306509761194,45.54720671805297,False,False
0.30629253665862155,0.38300063992739264,0.3107068234139857,94.41260606829667,False,True
0.636520552184444,0.20927531273725808,0.15420413507829805,96.51231937670133,True,True
0.034285382761841655,0.8861474058713656,0.07956721136679276,66.81467976388672,False,False
0.569174795240876,0.010168450878434564,0.4206567538806894,96.34337095725414,False,False
0.08413691912568004,0.6496470007193725,0.2662160801549473,72.31620203391326,False,False
0.19629730365302006,0.20614952423487062,0.5975531721121092,87.03927181326553,False,False
0.6628635042533569,0.16988799797202728,0.167248497774616,96.51168429692325,True,True
0.42413980746689456,0.2927976945044001,0.2830624980287055,96.36803954168212,True,True
0.46948234959908564,0.20755333660343298,0.32296431379748136,96.69950488276157,False,True
0.22365428309557614,0.3390339751656298,0.43731174173879417,90.72668972930398,False,True
0.10894093044833009,0.37418121989283426,0.5168778496588357,79.84430398319162,False,False
0.0879236189357136,0.8793484962317007,0.03272788483258567,68.56454154860658,False,False
0.07813456931894455,0.28103824699621816,0.6408271836848373,73.11759286524067,False,False
0.7682966577341048,0.21926134909803716,0.012441993167858099,96.26835890254759,True,True
0.7594285045132245,0.11531605762421945,0.12525543786255597,96.14529452237512,False,True
0.08147712633606809,0.5709217335505354,0.3476011401133965,73.59294853384036,False,False
0.545549861241714,0.33734306687541804,0.11710707188286797,96.27477766497505,True,True
0.26512107775711,0.5247993666333662,0.21007955560952388,88.9793614978384,False,False
0.06638674610393776,0.5639222720168559,0.36969098187920646,72.90715703279183,False,False
0.49836324195752274,0.4032534625035781,0.09838329553889918,96.07600974249192,True,True
0.3416933384018779,0.14172107936359604,0.5165855822345259,95.09997990186679,False,False
0.21290036985251845,0.33232311981609625,0.45477651033138533,90.01344824570367,False,True
0.2882350586740005,0.6150120513500011,0.09675288997599825,86.53492710774738,False,False
0.24739050701043813,0.20330749701716608,0.5493019959723958,92.05432985364429,False,False
0.5882138621441798,0.3982881955818441,0.013497942273976144,96.16553877388466,True,True
0.09669493153781254,0.4982922574625815,0.40501281099960607,76.23220534564555,False,False
0.14544174604833193,0.16652612613036555,0.6880321278213024,77.52621951190318,False,False
0.3314461281930777,0.4110434437530173,0.25751042805390506,94.45750794133345,False,True
0.19624461844101407,0.3209700899873925,0.4827852915715934,87.77865544358512,False,False
0.6246890234729038,0.28734215962892695,0.08796881689816939,96.27125250330852,True,True
0.008139685653359405,0.6902623971233277,0.30159791722331286,67.80956495161273,False,False
0.14856166374242108,0.2861599213816225,0.5652784148759563,83.50758914458521,False,False
0.7749636079380203,0.04412924281892646,0.18090714924305315,96.02779729055324,False,False
0.20775107450208571,0.6068124398731272,0.1854364856247872,82.20089943197547,False,False
0.3932556432355085,0.4644693883969744,0.14227496836751716,94.31893606504852,False,True
0.3337673064799175,0.5764161286439019,0.08981656487618074,90.23824853416491,False,False
0.8183118150949552,0.03347845060079845,0.14820973430424622,96.029300663953,False,False
0.04595368103008188,0.021704918357537007,0.9323414006123811,43.371327642088374,False,False
0.15710408758993843,0.3566251227796065,0.4862707896304551,84.35653966349129,False,False
0.17345429200393156,0.42484105563743046,0.401704652358638,85.54282506491985,False,False
0.2592831805305558,0.4585853950858466,0.2821314243835975,90.99825274605989,False,False
0.57527975023081,0.24621871315064664,0.17850153661854332,96.61367309464664,True,True
0.11888416840508982,0.658132736663593,0.22298309493131713,74.61285486169156,False,False
0.1266354646478254,0.8581161731440131,0.015248362208161455,70.45249755197494,False,False
0.18555294674152037,0.3264931932659047,0.48795385999257485,87.04367944465741,False,False
0.7992988836640461,0.19622431942364538,0.0044767969123083945,96.06513968446568,True,True
0.529228648752704,0.42662240710973365,0.044148944137562166,96.05660191170689,True,True
0.6839259722034295,0.1987172702458058,0.1173567575507647,96.48990321469194,True,True
0.28997272048491757,0.3810544765880485,0.32897280292703396,94.12478562414404,False,True
0.1933012435560771,0.4860991339196443,0.3205996225242785,85.74759320890618,False,False
0.24835457843959366,0.4394811928101491,0.3121642287502573,90.71396319996659,False,False
0.3212995866843483,0.5297355068261215,0.14896490648953029,91.14341572420905,False,False
0.2085035987553199,0.291204836160764,0.5002915650839161,89.5191986902971,False,True
0.14174232811515292,0.703617378525886,0.15464029335896107,74.64444615009526,False,False
0.37354429254894356,0.5172581092042207,0.1091975982468358,92.94292317893954,False,True
0.2996070055139614,0.27401904984188585,0.4263739446441526,95.05386565345097,False,True
0.3770237641354129,0.4752854796758586,0.1476907561887286,94.18685917175821,False,True
0.018205716182938238,0.8424258806723413,0.1393684031447206,66.54086567045755,False,False
0.05310475367277708,0.9163745869939272,0.03052065933329584,67.08829293926499,False,False
0.07500913961227383,0.06318274286539911,0.8618081175223271,51.47755170904341,False,False
0.271170788962727,0.2457108752402279,0.48311833579704505,93.89023127383331,False,True
0.0390816981015528,0.0516646299992916,0.9092536718991555,44.366777645727765,False,False
0.3929080552277886,0.1535375316863827,0.45355441308582867,96.35705269887923,False,False
0.039086881751503745,0.39795987208335315,0.562953246165143,71.51881284557986,False,False
0.5212839523535224,0.24188704264625965,0.2368290050002178,96.62292401337858,True,True
0.21818366926444066,0.6960951987346892,0.08572113200087006,80.39210177941966,False,False
0.7110187816558345,0.24729148070497609,0.041689737639189456,96.25818680952311,True,True
0.07968459826746666,0.13897168293323167,0.7813437187993016,61.35263339115797,False,False
0.153903048033165,0.21433980827176483,0.6317571436950702,81.65791627433241,False,False
0.5102236687565992,0.0282783091579773,0.4614980220854234,96.52444906807258,False,False
0.728075762531543,0.18511155729312928,0.08681268017532767,96.23011665256959,True,True
0.0950688487078817,0.7260615409425826,0.17886961034953563,71.47307504401824,False,False
0.5182127172467569,0.3743678481721266,0.10741943458111644,96.27315448024106,True,True
0.2255107728628238,0.6900218297249943,0.08446739741218198,80.91874149692748,False,False
0.006929434473843099,0.9319017258667934,0.06116883965936337,64.83605971116101,False,False
0.7290977487359988,0.14099605767249943,0.12990619359150185,96.21499229610664,True,True
0.20298656727480646,0.16609089207867284,0.6309225406465206,86.00699898190611,False,False
0.20342056392342095,0.06203601816480656,0.7345434179117725,79.70944404246724,False,False
0.4941747575346271,0.015287909236748491,0.4905373332286244,96.39491903970669,False,False
0.6467343364168253,0.14797565112480981,0.205290012458365,96.4646921549831,False,True
0.08069914700913865,0.21352845620333283,0.7057723967875286,69.2107579088826,False,False
0.007056739460567169,0.33751051181840513,0.6554327487210277,65.32685412209126,False,False
0.12451017249176705,0.6227671543651355,0.2527226731430975,76.16467227341498,False,False
0.1999481113215943,0.4779402565104549,0.32211163216795075,86.4174275632384,False,False
0.10989768670006206,0.04463398746260529,0.8454683258373326,56.298488540167014,False,False
0.45524912098475545,0.5371057462985419,0.0076451327167026675,94.28536552990515,False,True
0.5588705788238113,0.1910028295094809,0.2501265916667078,96.58741528557331,False,True
0.6329391018238409,0.17418452652152158,0.1928763716546373,96.52938690146145,False,True
0.5508105220954401,0.4217142170943633,0.027475260810196578,96.02671671339834,True,True
0.14127771156528462,0.6693518643221144,0.18937042411260102,75.98715242629144,False,False
0.18907594394640778,0.0573718665146312,0.7535521895389611,76.94403736351099,False,False
0.6788358357241846,0.1987252552926988,0.12243890898311661,96.48990321469194,True,True
0.3191063642378265,0.5171698045574952,0.16372383120467832,91.39698833968801,False,False
0.12208682245233882,0.02165163641204289,0.8562615411356183,56.35462190266052,False,False
0.04197829145517126,0.02541722650655468,0.9326044820382742,43.294438772047606,False,False
0.204136783055462,0.3395801557405468,0.4562830612039911,88.95291903659033,False,False
0.2475883738852176,0.4869221263970928,0.2654894997176896,89.8214771236223,False,False
0.6489012622162695,0.2891842973360726,0.061914440447657614,96.2875192608287,True,True
0.3248101350944905,0.1002641569859685,0.5749257079195409,93.68991604831855,False,False
0.15839953102304513,0.41380367802618734,0.42779679095076767,84.44049132878015,False,False
0.44204300974042804,0.15421055830846747,0.40374643195110466,96.47878956574372,False,False
0.7212128829601067,0.11434388134910506,0.16444323569078834,96.20366012940985,False,True
0.269976985305561,0.051203778661769485,0.6788192360326696,86.54605006364272,False,False
0.3487380625309128,0.3498669168787385,0.30139502059034884,95.58484322045999,False,True
0.21911160832095058,0.3587265524352628,0.42216183924378664,90.29470476075498,False,False
0.30433601579401415,0.5474706131126513,0.1481933710933345,90.23904189176764,False,False
0.08702698159464516,0.5014570386832152,0.41151597972213966,75.65956456342133,False,False
0.2094565914708563,0.6452325304896551,0.14531087803948844,81.15164751656772,False,False
0.21913554520573708,0.2088239341173058,0.5720405206769571,89.5459558528634,False,False
0.4197309059012061,0.10091552721468691,0.47935356688410696,96.37302479394148,False,False
0.5405255419766052,0.18303828225461974,0.2764361757687751,96.59127156287973,False,True
0.2624041805479838,0.4909919016600468,0.24660391779196947,89.93070256247493,False,False
0.2860392704483567,0.3666215333634624,0.34733919618818093,94.10179279713807,False,True
0.35790148462964105,0.02960821296046937,0.6124903024098897,93.03493174293718,False,False
0.06163644793345986,0.8230286884998983,0.11533486356664178,68.38119314116055,False,False
0.2807139727705229,0.34477033825586234,0.3745156889736148,93.95207596776054,False,True
0.1932473866150454,0.7151535058964105,0.09159910748854413,78.5268852188091,False,False
0.0002929390793222492,0.154200767104862,0.8455062938158158,46.9502042778139,False,False
0.604591510981772,0.06934803054192129,0.32606045847630677,96.3098360280116,False,False
0.10817651362113462,0.6879496504245363,0.20387383595432904,72.48225449758671,False,False
0.39591731253508117,0.21080206626945902,0.39328062119545987,96.51452830620269,False,True
0.2716906279185657,0.6238721183962005,0.10443725368523393,85.51380109950469,False,False
0.2344900531272948,0.3567678820992179,0.40874206477348735,91.75391798076397,False,True
0.09778553134747704,0.3392751447863437,0.5629393238661792,78.10925527714164,False,False
0.07094309554048508,0.5077796268496159,0.42127727760989925,74.45838082283223,False,False
0.40172894479742677,0.3389978442697538,0.2592732109328194,96.16045471366506,True,True
0.1800971387401699,0.29855550461178565,0.5213473566480445,86.8000287774067,False,False
0.14611593634797043,0.04685206756764908,0.8070319960843805,64.54579204784788,False,False
0.7322985848484401,0.12666436603037232,0.1410370491211874,96.20366012940985,False,True
0.5687396261004127,0.2123058241639341,0.21895454973565312,96.57695063260866,False,True
0.4171406653092949,0.1434836726773407,0.43937566201336437,96.41336897874736,False,False
0.2359358890955187,0.43125265994629103,0.3328114509581902,90.28554855413849,False,False
0.03141748085129472,0.8135364420404998,0.15504607710820548,67.42331186384351,False,False
0.04687944064237541,0.8382841921427406,0.11483636721488386,67.8270804016961,False,False
0.05197274768506431,0.5451289571177774,0.40289829519715825,72.48413319517603,False,False
0.6207534027199011,0.19877625520057005,0.18047034207952886,96.51231937670133,True,True
0.06810402952757665,0.911040572498067,0.02085539797435639,67.6275471250987,False,False
0.48761607441416027,0.05535192565563322,0.4570319999302065,96.5100310653044,False,False
0.5284562127659868,0.4554319713950377,0.01611181583897559,96.02653359013136,True,True
0.28707616515838746,0.6989805423778502,0.013943292463762219,83.94524060141234,False,False
0.12671433462562373,0.1722144911549787,0.7010711742193976,74.50931957552517,False,False
0.0685516064117416,0.056497087779700465,0.874951305808558,49.49413268930953,False,False
0.19385102597421086,0.1947705790136876,0.6113783950121016,86.23361934815573,False,False
0.4428315399575558,0.20944506793421663,0.3477233921082276,96.57156448680905,False,True
0.23226180817163775,0.681549604247761,0.08618858758060119,81.37853980655525,False,False
0.248214430634109,0.7224042646522404,0.029381304713650552,81.11286368640812,False,False
0.1826753803891237,0.5190397940004958,0.2982848256103805,83.83286506118272,False,False
0.017675013726144193,0.7474253453123697,0.23489964096148597,67.50638873852492,False,False
0.06367324438748796,0.3902302548256452,0.5460965007868669,74.33883278061553,False,False
0.6094868343389652,0.02476947826935998,0.3657436873916747,96.27724710581879,False,False
0.45409851503854565,0.4722684179391248,0.07363306702232973,95.5859795899325,False,True
0.36129225503066276,0.6138422346174007,0.02486551035193656,89.92364974543227,False,False
0.15321650559659206,0.005649466604843564,0.8411340277985644,60.8987578925396,False,False
0.6758885816379442,0.0028279535831919425,0.3212834647788639,96.11630831251435,False,False
0.08133700577496199,0.399492906737534,0.519170087487504,76.18926617625443,False,False
0.6347930811523625,0.05266872686145293,0.3125381919861845,96.26893817395155,False,False
0.03397501465490629,0.8507754572964236,0.11524952804867011,66.98258912099118,False,False
0.06364019775922465,0.08958682751364154,0.846772974727134,52.416264588154746,False,False
0.03166187407247584,0.36069260850025703,0.6076455174272671,69.92038227773946,False,False
0.2142078297264324,0.4504463584660507,0.33534581180751705,88.18279441584426,False,False
0.5119587158043617,0.4293464491745509,0.05869483502108753,96.09710053773682,True,True
0.2985489074566802,0.1703711026780287,0.5310799898652909,94.03856147853313,False,False
0.6992840247581746,0.13596413534567536,0.16475183989615014,96.27190335953823,False,True
0.09934017297274625,0.3962848326695688,0.5043749943576848,79.13738213817271,False,False
0.03717634367355241,0.5810388699980958,0.3817847863283518,70.64668482924479,False,False
0.04569885009730186,0.5273388076841767,0.4269623422185213,72.16863812785809,False,False
0.39802980692513684,0.04342050745930759,0.5585496856155555,95.2796041433525,False,False
0.4612051238453399,0.18610090316423744,0.3526939729904229,96.66814864012514,False,True
0.7120451163799485,0.022814740575376264,0.2651401430446752,96.07887055324257,False,False
0.4219751421576756,0.12866864870760575,0.4493562091347185,96.42297126510275,False,False
0.04041475612888648,0.33291302633200986,0.6266722175391037,70.33000241262609,False,False
0.06882806855385289,0.7947043617395034,0.1364675697066436,69.1621117430645,False,False
0.1643048543624858,0.1387109556340055,0.6969841900035089,78.80374728237241,False,False
0.017826333478806883,0.3440204059447277,0.6381532605764655,67.6791699619142,False,False
0.4883331427251335,0.19299758842648018,0.3186692688483863,96.68575906562324,False,True
0.12027262643693525,0.16606065539131076,0.7136667181717541,72.94774252730704,False,False
0.24566402413899535,0.6272957903336713,0.12704018552733334,83.94034682335544,False,False
0.013252610852235834,0.37509199944159655,0.6116553897061677,67.7708136164452,False,False
0.07381092604416611,0.8356460882731224,0.09054298568271142,68.70752817094125,False,False
0.28135488387611085,0.63916867915798,0.07947643696590911,85.32318886331115,False,False
0.34731013106781156,0.27093653376834886,0.38175333516383947,95.94213187037558,False,True
0.039727014744843546,0.1442473564483319,0.8160256288068245,53.68876644047806,False,False
0.007743057067259712,0.5672410059333626,0.42501593699937773,68.83597669588836,False,False
0.054906698807852365,0.0947756256190721,0.8503176755730755,50.88591532001628,False,False
0.43441132756924145,0.36085982404292655,0.20472884838783198,96.33691930675774,True,True
0.37044185338183194,0.28728274809224674,0.3422753985259214,96.06906467309382,False,True
0.4443495200393382,0.008698403805634318,0.5469520761550276,95.7166950730614,False,False
0.187652930767373,0.18421846882998127,0.6281286004026457,85.06453497761125,False,False
0.6421779771493846,0.2673675464192705,0.09045447643134472,96.28880609428198,True,True
0.15033886507582156,0.7433692115523661,0.10629192337181238,74.26702514491333,False,False
0.5374504911609441,0.0978931083351102,0.36465640050394565,96.56638385981134,False,False
0.4286420753335595,0.22477428701717583,0.34658363764926453,96.59798494373936,False,True
0.3312402065379731,0.1687285535528631,0.5000312399091638,95.1739295659366,False,False
0.42636244165033754,0.0558011508662327,0.5178364074834297,95.95226201651997,False,False
0.09028357855866614,0.5385156981820334,0.37120072325930037,74.72864578364948,False,False
0.4012341931702871,0.5200722570814984,0.07869354974821449,93.90017761037178,False,True
0.39224546544355926,0.3400750062639645,0.2676795282924762,96.08076341982968,True,True
0.12502674375432465,0.8443224633838052,0.030650792861870096,70.70398385351677,False,False
0.08257259065184906,0.5501868233920009,0.3672405859561501,74.14810828331488,False,False
0.3185404006882392,0.08625319904592926,0.5952064002658314,92.50333145568521,False,False
0.8274714135960021,0.10464626870648526,0.06788231769751259,96.10947491496715,True,True
0.7690358714321119,0.022937963782120197,0.2080261647857678,96.04882939308196,False,False
0.6680676026149016,0.0454838067862802,0.2864485905988181,96.10377500912347,False,False
0.1414979049383384,0.7549327896718042,0.10356930538985747,73.92110089815506,False,False
0.40198572285010753,0.5592798671018757,0.03873441004801682,92.83067576108604,False,True
0.319036392818342,0.3657133603364374,0.3152502468452207,94.84934962723311,False,True
0.8448951020003308,0.024667246915668507,0.13043765108400077,95.96545766706373,False,False
0.3785134523924324,0.15744310617844964,0.4640434414291181,96.06337805049513,False,False
0.47355350711946026,0.48766798786437227,0.03877850501616749,95.66224834902302,False,True
0.509094824455396,0.12098628484176678,0.3699188907028372,96.6448033849785,False,False
0.32103989484911516,0.4445633691027527,0.2343967360481321,93.85705252910154,False,True
0.14441906372098498,0.019858276565287217,0.8357226597137277,60.27551223058606,False,False
0.2479148024386503,0.5469637859622206,0.205121411599129,87.16616127658436,False,False
0.08030949107293074,0.48500453624231243,0.43468597268475695,74.93067131348872,False,False
0.2744368899736311,0.46597992467065263,0.25958318535571634,91.7678106566855,False,False
0.22649330175310736,0.4711028607120223,0.30240383753487027,89.2485446514952,False,False
0.8528139065660876,0.09139443128976633,0.05579166214414602,95.87189805109344,True,True
0.4500819580477791,0.08912947166477252,0.46078857028744846,96.38586656334033,False,False
0.1734664533317703,0.29144671259590293,0.5350868340723267,86.17862035631188,False,False
0.291924696313422,0.371074859162434,0.3370004445241441,94.18057907331705,False,True
0.14304508823704862,0.5309349472318359,0.3260199645311156,79.90251482774336,False,False
0.19640449698292406,0.13362880428710042,0.6699666987299754,83.59400385460074,False,False
0.03326380981923989,0.3738431346853896,0.5928930554953705,70.63114911794293,False,False
0.5884769035902304,0.16950267366415006,0.24202042274561944,96.6385200394664,False,True
0.1585679520233025,0.684821235944172,0.15661081203252541,77.16893326190977,False,False
0.38215390352242806,0.38400905417089054,0.23383704230668143,95.62051743561142,False,True
0.34845032277223337,0.11189383427072347,0.5396558429570433,94.93697342363592,False,False
0.10195023280590056,0.8641738506957425,0.03387591649835708,69.35430560458612,False,False
0.058504992648231294,0.037043753194325894,0.9044512541574429,45.807580654184136,False,False
0.4222317349658763,0.21717030737857654,0.3605979576555472,96.5791294081207,False,True
0.21018028196466343,0.28618611539836325,0.5036336026369733,89.6351829951731,False,True
0.08014348493003903,0.4237433510485486,0.49611316402141237,76.37258002839779,False,False
0.16656584627459062,0.1815099600354233,0.6519241936899862,82.12981481911787,False,False
0.19576463264184768,0.06457101520663686,0.7396643521515154,78.89251100175643,False,False
0.6388121568805334,0.020977674363719823,0.3402101687557469,96.17032647653193,False,False
0.3955937601512014,0.04070577380969629,0.5637004660391023,95.05417378388834,False,False
0.17307356099818563,0.16427963619965355,0.6626468028021609,82.05074611250434,False,False
0.047631985160214496,0.7507997088209442,0.20156830601884135,68.63623880491247,False,False
0.112365639597939,0.5661486216425767,0.3214857387594843,76.46636753751088,False,False
0.3022833052634461,0.18686541683854682,0.5108512778980072,94.74652706449606,False,False
0.5087688682711903,0.15698013645146844,0.3342509952773413,96.65738113480923,False,False
0.08482077753771092,0.8345268374319293,0.08065238503035982,69.16272272124762,False,False
0.018807226465556555,0.5317573936588335,0.44943537987561,70.14681054787731,False,False
0.3234760561618525,0.024276605466293306,0.6522473383718541,90.62016890090044,False,False
0.3895710245845662,0.5891728942020334,0.02125608121340035,91.67698688954505,False,True
0.49772145499616116,0.2175789045325425,0.2846996404712963,96.68196063200482,False,True
0.5117984245331006,0.26904522874629816,0.21915634672060114,96.6019551256238,True,True
0.319186566077943,0.5480086271043451,0.13280480681771187,90.80102457378665,False,False
0.13076021965536755,0.20287219286221683,0.6663675874824156,77.10239552003752,False,False
0.11768011635413375,0.4240449388179725,0.4582749448278938,80.90837753931966,False,False
0.06636605785664187,0.029748205737688327,0.9038857364056698,46.692881389618485,False,False
0.3030218114518895,0.518520939149044,0.17845724939906657,91.03824087319526,False,False
0.058914513843071496,0.5242285695549855,0.41685691660194313,73.06386361812943,False,False
0.811657206794759,0.10002416608978698,0.08831862711545409,96.10947491496715,True,True
0.7563684995406987,0.1166027884307942,0.12702871202850707,96.14529452237512,False,True
0.3253583881969912,0.3842731957989584,0.29036841600405033,94.54744201224635,False,True
0.6216785006580475,0.1868067917237518,0.19151470761820066,96.55705948345089,False,True
0.3481802934181716,0.6508896773955001,0.0009300291863283348,88.78184722916923,False,False
0.7098610319494544,0.031164947737166986,0.2589740203133787,96.07488859517925,False,False
0.1396777533689818,0.2625846928103082,0.5977375538207101,81.70138751161015,False,False
0.0971283575135115,0.8490094690076547,0.05386217347883389,69.261767420895,False,False
0.014142461697551616,0.6508166842798475,0.33504085402260086,68.3941390690994,False,False
0.21407199131871257,0.29086519565878133,0.4950628130225061,90.26548856711786,False,True
0.5183389551570491,0.1528152312580424,0.32884581358490844,96.61181076793575,False,False
0.14624710050925668,0.015603624528057853,0.8381492749626854,60.27158460280678,False,False
0.047418012609246635,0.008945114933731662,0.9436368724570218,42.51351484156935,False,False
0.6209565991600239,0.16051957889076354,0.21852382194921244,96.55641245394946,False,True
0.35557471563799975,0.4236165392914317,0.22080874507056836,94.29452865148082,False,True
0.10003554191213135,0.16887910684222238,0.7310853512456463,68.94591221892739,False,False
0.5300975744175118,0.26671274592237426,0.2031896796601139,96.59166101261914,True,True
0.326946552162243,0.1695979750563325,0.5034554727814244,95.097085812397,False,False
0.013068446917251305,0.7479123671097548,0.23901918597299393,67.38637038822179,False,False
0.9467490298502999,0.005882574391200949,0.04736839575849928,95.97306084829651,False,False
0.6417780116082817,0.012329117959865517,0.3458928704318526,96.17900922653075,False,False
0.13554217506971739,0.19976123784109495,0.6646965870891879,78.25947444245045,False,False
0.16916377188140524,0.2342666968648014,0.5965695312537933,84.4383777932634,False,False
0.05334388631847298,0.3719336460413814,0.5747224676401457,72.96617411591451,False,False
0.7042936654834304,0.22159427751982,0.07411205699674947,96.25410254085328,True,True
0.4605711187625178,0.4530435806680204,0.08638530056946173,95.81110395581871,True,True
0.32055915888391606,0.1591357704615356,0.5203050706545483,94.83219517844509,False,False
0.03404038449925722,0.8125529859517836,0.15340662954895928,67.50347371626806,False,False
0.3285041674794055,0.05248431910417843,0.6190115134164161,92.14036193361433,False,False
0.5671496225869505,0.06588812485680018,0.36696225255624926,96.55570167930375,False,False
0.04921367810566017,0.3544085182232375,0.5963778036711023,72.41447869701892,False,False
0.6088979655238901,0.37501026466017723,0.016091769815932612,96.25069234877046,True,True
0.8807125610756308,0.003174071941575218,0.11611336698279401,95.94160395290764,False,False
0.49809822742937027,0.25923519911368736,0.24266657345694248,96.70436075973072,True,True
0.3303596054264829,0.5746116214525581,0.09502877312095903,90.26874303136549,False,False
0.47871780050240265,0.2759389881119883,0.24534321138560908,96.74427707503767,True,True
0.46094013424119906,0.1249967292836334,0.4140631364751677,96.5149220814665,False,False
0.09136226648799681,0.8620711557738198,0.046566577738183366,69.08642890138772,False,False
0.012826135360732757,0.38851939650872647,0.5986544681305408,67.97451518943494,False,False
0.9456138880923491,0.03897485686573304,0.015411255041917952,95.74570308626443,True,True
0.018818512148847454,0.3683019049136378,0.6128795829375148,68.27329000564927,False,False
0.28132429418495875,0.3204791393810302,0.39819656643401125,94.23509126253155,False,True
0.5049506389997174,0.2541513193493999,0.2408980416508828,96.70436075973072,True,True
0.0074145873570636575,0.4726939946816772,0.5198914179612589,69.19324229545384,False,False
0.19702124556068024,0.03346931729923047,0.7695094371400892,75.7659490708387,False,False
0.32434779188423996,0.11438170256849912,0.5612705055472608,94.16055993735513,False,False
0.45701799794103976,0.3664014780081181,0.17658052405084212,96.17497115189467,True,True
0.8368096549863868,0.05110052088215468,0.11208982413145854,95.99257273399158,False,False
0.4793507830863545,0.3507369612065459,0.1699122557070996,96.20980245027702,True,True
0.2881150635498009,0.5190344591559168,0.1928504772942824,90.39755503002442,False,False
0.10559553244387616,0.21344157494137989,0.680962892614744,74.15940297223761,False,False
0.04378605207390753,0.8859476959325562,0.07026625199353617,67.20974189618715,False,False
0.2540919393935944,0.6285356927779623,0.11737236782844324,84.19882440293256,False,False
0.11422388187337186,0.8749912241710178,0.010784893955610303,69.8877281270466,False,False
0.3105599094372799,0.34120064878931033,0.3482394417734097,95.04200261842402,False,True
0.3945716453445588,0.1668876696654167,0.4385406849900245,96.27852130275588,False,False
0.1377159318183729,0.14325702260623668,0.7190270455753904,74.10047979877578,False,False
0.3419765766151559,0.12241609977985553,0.5356073236049885,94.88004946053253,False,False
0.31197578138444876,0.4003513919511425,0.2876728266644087,94.35352857880349,False,True
0.7326984867094323,0.19162481961794428,0.07567669367262353,96.23011665256959,True,True
0.10004295444140261,0.5047776082200657,0.3951794373385316,76.2553704879204,False,False
0.7396733877038886,0.18269495047444365,0.07763166182166792,96.22160958268518,True,True
0.49753912555229024,0.3015521123898058,0.20090876205790403,96.56529989439791,True,True
0.7353859674112466,0.1687032817957978,0.09591075079295551,96.20833321512713,True,True
0.09819365440018428,0.5372490630437634,0.36455728255605224,75.48353496236751,False,False
0.039981375891675885,0.7397358627384344,0.22028276136988964,68.28376217118,False,False
0.5535234927348528,0.25999975316364576,0.1864767541015014,96.57817567716424,True,True
0.3512833549682114,0.09479989257507324,0.5539167524567153,94.76888005160635,False,False
0.256719272278703,0.6051827916724283,0.1380979360488686,85.4454884546362,False,False
0.7634317851368582,0.07474067339857528,0.16182754146456654,96.05737622740492,False,False
0.08364851114562627,0.1632686419976807,0.753082846856693,64.65725547814375,False,False
0.43036325861242763,0.5125558321418981,0.05708090924567419,94.34579021102665,False,True
0.3593975852292085,0.39413540893630167,0.2464670058344898,95.09218490389893,False,True
0.5523136793380856,0.3551972840661083,0.092489036595806,96.31869510802153,True,True
0.4496012147668345,0.3455751014023904,0.204823683830775,96.43560595229478,True,True
0.009065992464145953,0.17887461769108742,0.8120593898447667,51.68174838795999,False,False
0.6276907890592903,0.29922407327348094,0.07308513766722878,96.29167852120493,True,True
0.45882896864281514,0.5264002024442687,0.014770828912916185,94.52548026385935,False,True
0.464081091195766,0.4911457430333504,0.04477316577088368,95.46467203223187,False,True
0.20646957880845104,0.03311718111771234,0.7604132400738365,77.87534883148628,False,False
0.24130070127936437,0.407734291568324,0.35096500715231166,91.17274185422227,False,False
0.599327725368712,0.2722793302525965,0.12839294437869136,96.32285540364957,True,True
0.11892086158731915,0.03515726307448479,0.8459218753381961,57.04212808665321,False,False
0.41700769283688816,0.2463874905482473,0.33660481661486463,96.42619246280469,False,True
0.25211685120149907,0.3729589667471765,0.3749241820513245,92.86880458555272,False,True
0.06919856919746094,0.139789287637369,0.79101214316517,58.30077241612999,False,False
0.0331348771322949,0.05423325769704741,0.9126318651706576,43.969368299370274,False,False
0.27075283843212156,0.5336700550833823,0.19557710648449608,89.12474329720517,False,False
0.5004269352870098,0.021658955253629125,0.47791410945936125,96.48486971639818,False,False
0.2105896974406637,0.5498873501003196,0.23952295245901667,85.1717004269299,False,False
0.01319848207295865,0.6159749435099848,0.3708265744170564,68.78662342771814,False,False
0.48436057980559544,0.38737256079441984,0.12826685939998464,96.15109286756883,True,True
0.5315343333598344,0.2454946666805875,0.22297099995957795,96.57817567716424,True,True
0.09277275494937307,0.6372565679621512,0.26997067708847583,72.82889519803166,False,False
0.2599324044623238,0.36225106572463245,0.3778165298130438,93.35651695923872,False,True
0.39000301042317737,0.5867809407466904,0.023216048830132355,91.71146475449086,False,True
0.2738640972924006,0.7072608793696941,0.018875023337905455,83.24609516537173,False,False
0.36902919395110245,0.4611751377752961,0.16979566827360137,94.25501598692043,False,True
0.6579074509116077,0.22325799239157657,0.1188345566968157,96.2889056204599,True,True
0.032522662218313576,0.02612030832262828,0.9413570294590581,41.87067739916134,False,False
0.47773007187675665,0.13674033346279638,0.38552959466044706,96.64649978252623,False,False
0.28106602217679677,0.459965544287997,0.2589684335352062,92.09032046594507,False,False
0.39758850785657956,0.18780766240501243,0.41460382973840804,96.44524253690942,False,False
0.2670670899957278,0.05100957981792113,0.6819233301863511,86.27299223603305,False,False
0.14305358938380713,0.8249230569555622,0.03202335366063069,72.10522165511489,False,False
0.6511854484090638,0.25829050924782626,0.09052404234310991,96.29302761116568,True,True
0.2128463353266209,0.2003430976437161,0.586810567029663,88.76712147741284,False,False
0.6214672175224915,0.34711835159180066,0.03141443088570788,96.25267909372943,True,True
0.03758426930384007,0.8892035988970911,0.07321213179906874,66.89552148594234,False,False
0.13341950547532344,0.44103941949930636,0.42554107502537036,81.86436870354623,False,False
0.1201021402062974,0.7731919364247954,0.10670592336890722,71.6336341321836,False,False
0.6824161784977703,0.02948592261880608,0.28809789888342385,96.10377500912347,False,False
0.5325283393170357,0.1492228606927172,0.3182487999902471,96.6063707664727,False,False
0.14915113998524207,0.3363466622187391,0.5145021977960187,84.29237162197116,False,False
0.2947950534870997,0.60425851114271,0.10094643537019041,87.7541633147856,False,False
0.19431526448437697,0.14707013001102404,0.6586146055045989,83.90693443356787,False,False
0.6683718222949032,0.14732577152283796,0.18430240618225896,96.44290654693918,False,True
0.8006456780541744,0.07000287145211588,0.1293514504937098,96.0324710436012,False,True
0.33172991409085034,0.019606784421515592,0.648663301487634,90.95934678137309,False,False
0.7827026472427495,0.1918150285517389,0.025482324205511404,96.22160958268518,True,True
0.1446088929609929,0.4506052996295475,0.40478580740945963,82.45743812539813,False,False
0.2095461217792035,0.27829640463998667,0.5121574735808099,89.34864101989437,False,True
0.0676145141963094,0.7218598190476313,0.21052566675605922,70.08802896382478,False,False
0.6002591720506305,0.2943521884468875,0.10538863950248202,96.35625719266214,True,True
0.3504882446089565,0.48362395839076416,0.1658877970002793,93.46467331173875,False,True
0.05672142375058781,0.58622414523425,0.3570544310151621,71.68656075475148,False,False
0.5301739005345277,0.24282843425940023,0.22699766520607192,96.58538319581947,True,True
0.5158072258162735,0.07806882983702114,0.4061239443467053,96.54388706622929,False,False
0.21572781832964538,0.33678209529860703,0.44749008637174753,90.16145652805147,False,True
0.501611618291736,0.24936952625009046,0.2490188554581738,96.72666824208619,True,True
0.3529576640303251,0.23391545528037494,0.4131268806893,95.98341182147352,False,True
0.05787795519936721,0.38216258503505474,0.559959459765578,73.85103492909543,False,False
0.08593112042764964,0.4525468117713484,0.4615220678010019,76.41563235582723,False,False
0.4518598455229424,0.14476795396786227,0.4033722005091954,96.54241815749796,False,False
0.4768460702633336,0.41144599143401256,0.11170793830265385,96.09898455213988,True,True
0.4507336594310778,0.4146551635989356,0.13461117696998653,96.060657964156,True,True
0.32709602994127773,0.45998174876293496,0.21292222129578706,93.5296654376169,False,True
0.3804821493410486,0.34386582084649187,0.27565202981245945,96.01989553051877,True,True
0.12756785593600212,0.03956185196136028,0.8328702921026376,59.02772241253733,False,False
0.20521819401753144,0.3649204974779089,0.42986130850455967,89.06005135941449,False,False
0.4956585148145228,0.18035368136325158,0.32398780382222575,96.64448663095055,False,True
0.011050269978391092,0.41279546046468807,0.5761542695569208,68.72247201797637,False,False
0.8385320682810552,0.08516341933376638,0.07630451238517848,96.01032637511993,True,True
0.2604478896569742,0.3895142183248426,0.3500378920181832,92.96746229029596,False,True
0.5740564413204263,0.2170888946952955,0.20885466398427815,96.57695063260866,True,True
0.4101090418861037,0.2995360097255744,0.2903549483883219,96.24823801716573,True,True
0.4573504361034969,0.1797366615540519,0.3629129023424511,96.50735258209912,False,True
0.03364414359942067,0.14936956728881173,0.8169862891117675,53.15144780209777,False,False
0.3544321525447857,0.31639360887522194,0.3291742385799925,95.93669957090388,False,True
0.21750322719580956,0.5821789244940597,0.20031784831013075,83.94117262544667,False,False
0.34275704392813733,0.579677352894452,0.0775656031774107,90.47186834584957,False,False
0.5513535623339262,0.4482890915526271,0.0003573461134466166,95.98711278076144,True,True
0.5381914443559271,0.25759189064554505,0.20421666499852792,96.62557682164079,True,True
0.47866528082120585,0.34142542015357535,0.17990929902521866,96.27574641043375,True,True
0.5135142431755083,0.4565650497676699,0.029920707056821778,95.97399571622734,True,True
0.051948950645881384,0.8845191400086867,0.06353190934543189,67.43633088083645,False,False
0.4492827136133704,0.2464385804594626,0.30427870592716716,96.73005013842693,False,True
0.4255349847644094,0.2488489706098637,0.32561604462572696,96.44645335927213,False,True
0.0729980359855747,0.24714906889626775,0.6798528951181577,70.31497945658096,False,False
0.5033746752108782,0.015508399222171364,0.48111692556695035,96.32807121798635,False,False
0.4714551936970216,0.40638485308314,0.12215995321983836,96.09898455213988,True,True
0.47286050086396564,0.344610017300642,0.18252948183539244,96.25676559195685,True,True
0.30406710881971,0.0645094253008966,0.6314234658793935,90.80602675932654,False,False
0.015611370717232474,0.2255924928162721,0.7587961364664955,57.8455054685432,False,False
0.5262510035387833,0.2981337515705233,0.17561524489069347,96.53494532089847,True,True
0.7101450382480904,0.03558150447283174,0.2542734572790779,96.0919387021265,False,False
0.6228563153259985,0.1708663436548794,0.20627734101912204,96.52938690146145,False,True
0.3258800622606225,0.5696919468126559,0.10442799092672166,90.24682086857389,False,False
0.2741107299443457,0.4711493462220449,0.2547399238336095,91.7217408786377,False,False
0.08158867138844676,0.2705949962147728,0.6478163323967804,73.25435711431638,False,False
0.40187271781601924,0.42038981431526334,0.17773746786871755,95.28204131998653,False,True
0.11849339992167679,0.10445914786334172,0.7770474522149815,65.42719683141037,False,False
0.4151949851250993,0.5131066359707827,0.07169837890411819,94.17623261248784,False,True
0.7029375105163673,0.23648816093770003,0.06057432854593265,96.25410254085328,True,True
0.5731887864366862,0.08916150691773712,0.3376497066455766,96.52801496672332,False,False
0.11509799224349435,0.6877150175465679,0.19718699020993782,73.46445527285798,False,False
0.5410175145419809,0.36422065113672797,0.0947618343212911,96.30337047594755,True,True
0.06391111375354515,0.7109530764988686,0.22513580974758632,70.17167872488817,False,False
0.24323594540034127,0.36313411244556026,0.39362994215409847,92.30033989678964,False,True
0.0757880821564605,0.8132183089523747,0.11099360889116495,69.25977315173289,False,False
0.5192678579814545,0.37106488987688013,0.10966725214166541,96.27315448024106,True,True
0.19857864377145598,0.3280066663681873,0.47341468986035656,88.37175167553728,False,False
0.6643385400591441,0.04138347134272088,0.2942779885981351,96.10377500912347,False,False
0.2361774625229007,0.15748057071225338,0.606341966764846,89.60084113324041,False,False
0.13968629697550022,0.3840604916483264,0.4762532113761733,82.81320895015632,False,False
0.11786643520627907,0.004226189217215415,0.8779073755765056,52.95826011684242,False,False
0.3407418040358685,0.6328221764577241,0.026436019506407442,89.0931527657613,False,False
0.31190193276616185,0.13795674785534368,0.5501413193784945,93.86748246097204,False,False
0.0035494242999078336,0.8443789083671884,0.15207166733290384,65.94073365364962,False,False
0.3099070197414733,0.3464420111170322,0.3436509691414944,95.04200261842402,False,True
0.10358499554967442,0.5501389331135482,0.3462760713367774,75.64877902390462,False,False
0.5216445363442522,0.1446172052195219,0.3337382584362258,96.56707494196559,False,False
0.19544053173003995,0.4215442853302836,0.3830151829396764,87.3617603857564,False,False
0.04018219505621266,0.12173273932396572,0.8380850656198215,51.32207449878388,False,False
0.011098239708888262,0.6171648284795104,0.37173693181160145,68.77075145834904,False,False
0.8612339346170277,0.006299519107010648,0.1324665462759617,95.94009773210435,False,False
0.7474356504596656,0.0020474183096165855,0.2505169312307178,96.0230329320309,False,False
0.2079776064322036,0.13975144096883543,0.6522709525989608,85.0561959179034,False,False
0.4238142225562383,0.5760584728127941,0.0001273046309675074,92.83020806989384,False,True
0.5146780384351738,0.05252787861606815,0.43279408294875804,96.54212917956005,False,False
0.06500399122239424,0.7977892981649427,0.13720671061266296,69.0306693868478,False,False
0.013737035007837043,0.8627048614103761,0.12355810358178698,66.03966745773008,False,False
0.004154405040290443,0.6132757964633087,0.38256979849640077,68.25532451135601,False,False
0.2951683203722107,0.6415750841166948,0.06325659551109453,86.01057092892684,False,False
0.13412327531042237,0.6513124583848052,0.21456426630477246,76.07128528449407,False,False
0.12249387249519098,0.6975682086539838,0.17993791885082508,74.17640705275072,False,False
0.1240019900889068,0.8710178326543421,0.004980177256751136,70.19777756386543,False,False
0.4497612755420191,0.06041196091756366,0.4898267635404172,96.29276859847911,False,False
0.05923756410575643,0.3669024999822095,0.5738599359120341,73.93797518485523,False,False
0.8817557689012155,0.06076558326235894,0.05747864783642559,95.92887257378173,True,True
0.3616900851883901,0.03580880237728722,0.6025011124343227,93.66218282574502,False,False
0.537123550912534,0.04374077241155159,0.4191356766759142,96.57576369357072,False,False
0.012705633935684815,0.7994935020332536,0.18780086403106158,66.82991640803546,False,False
0.3567748241773148,0.3530543556521139,0.29017082017057133,95.65426840993072,True,True
0.3043768229890221,0.009729929651406819,0.685893247359571,88.20821916444856,False,False
0.5653230982072182,0.17552568567462903,0.2591512161181528,96.66612843513198,False,True
0.619813585382447,0.09211359092858903,0.28807282368896403,96.43863507471605,False,False
0.013962118051130247,0.6163874930619102,0.3696503888869596,68.86767960399953,False,False
0.7390341325089818,0.06271147107737327,0.1982543964136451,96.10129974215631,False,False
0.05019342637696351,0.2617666384639291,0.6880399351591073,67.64263456473513,False,False
0.47728248703557036,0.5148671904050567,0.007850322559372961,95.3910056248168,False,True
0.29312885024766894,0.07621716323330353,0.6306539865190275,90.52769539710181,False,False
0.6478807349977921,0.11386235345248413,0.2382569115497239,96.43895031566585,False,False
0.005963202471460556,0.39455395001965854,0.599482847508881,67.43734665543646,False,False
0.3085135328585171,0.6209314523654259,0.070555014776057,87.80368126579512,False,False
0.645723082784754,0.17353853568700517,0.18073838152824084,96.51168429692325,False,True
0.1483279871037965,0.6351528774445891,0.21651913545161436,77.51984924023849,False,False
0.15498163930984402,0.4204130614253457,0.42460529926481017,83.92390984854245,False,False
0.14213956866785105,0.6863735725424841,0.17148685878966483,75.4353683802712,False,False
0.40965927411386016,0.11026746341402828,0.4800732624721117,96.09992827923583,False,False
0.3408999018413082,0.29082258859140175,0.3682775095672901,95.8322373891377,False,True
0.4830652051011978,0.11512596483046691,0.4018088300683353,96.70371361811033,False,False
0.18018804066039407,0.7297616321187239,0.09005032722088192,77.2584435828678,False,False
0.4465613806967431,0.08338541238279844,0.47005320692045843,96.3499034388337,False,False
0.7300901328549766,0.20450675861908818,0.06540310852593513,96.27686315800973,True,True
0.17826953995800082,0.3538180281310329,0.4679124319109663,86.72552579623667,False,False
0.4180587731694547,0.13083569714749657,0.4511055296830487,96.47218745593989,False,False
0.04470973707844008,0.6350467257490406,0.3202435371725193,70.44210509113584,False,False
0.3301009466645579,0.5835287288695677,0.08637032446587434,90.04898505072002,False,False
0.4359345758833714,0.5159392848019525,0.04812613931467603,94.40514444622852,False,True
0.024270972777795722,0.276591970800281,0.6991370564219234,64.25815679332399,False,False
0.8163074225672265,0.09280474266952242,0.09088783476325106,96.06458909828235,True,True
0.024189858917425925,0.38360911214091736,0.5922010289416567,69.35367117713346,False,False
0.1532231969619351,0.2012083884716268,0.6455684145664382,80.65640644967668,False,False
0.2981944811816086,0.6435578569441845,0.058247661874206894,86.03216952276523,False,False
0.5513055065429389,0.3527958392073931,0.09589865424966804,96.2923153878499,True,True
0.15444039959195277,0.5668073953971922,0.27875220501085496,79.63826090893626,False,False
0.4970143921548776,0.4530643882644708,0.049921219580651474,95.89955973062847,True,True
0.2706711372760434,0.4427414059745044,0.2865874567494522,91.973000097816,False,False
0.004391111929345969,0.03829909753696807,0.9573097905336859,38.796265769585666,False,False
0.28751958456124516,0.27465981064778,0.43782060479097484,94.73571384625487,False,True
0.16490232335818483,0.5151282663329412,0.31996941030887405,82.84471156742167,False,False
0.21519563077335757,0.2799769876906708,0.5048273815359716,90.091042632823,False,True
0.12551269244027113,0.7959814072450563,0.07850590031467246,71.39720165155698,False,False
0.28266088061625727,0.4338125782884223,0.2835265410953204,93.10296067176255,False,True
0.26007150254757205,0.6043430478899147,0.1355854495625134,85.66238677360451,False,False
0.3266068368646653,0.36198292129467,0.31141024184066457,95.16316545197346,False,True
0.17739695108770373,0.06339235328022332,0.7592106956320729,74.72282471999131,False,False
0.3861902064899405,0.2898143201091395,0.32399547340091994,96.09800827557088,False,True
0.14866484819380046,0.8037876497633729,0.04754750204282645,73.13486756945487,False,False
0.021074805470414147,0.548991332192608,0.4299338623369778,69.97291348691354,False,False
0.0705978247205439,0.707095632151442,0.22230654312801418,70.57149391084715,False,False
0.2931487487891099,0.635154657820614,0.07169659339027606,86.15377664637943,False,False
0.4765532034766272,0.25448804521379237,0.26895875130958047,96.69455176236104,False,True
0.5095382758705391,0.21351239942542685,0.27694932470403416,96.58189554270076,False,True
0.46152585706040167,0.16370996773256336,0.37476417520703503,96.50429163723234,False,False
0.12217825026724541,0.3683524875649328,0.5094692621678218,81.1745873918118,False,False
0.3805217775615367,0.20337828180080178,0.4160999406376614,96.47200232053378,False,False
0.9241245803114021,0.0066385836430739,0.069236836045524,95.97306084829651,False,False
0.4905089465769713,0.3747763905911489,0.13471466283187972,96.18592774890783,True,True
0.12644055444283162,0.6575272884498531,0.21603215710731521,75.06418158152556,False,False
0.4406394384623021,0.39592719978077173,0.16343336175692627,96.10687208971765,True,True
0.3701749347227663,0.17896055502319472,0.4508645102540389,96.24466785631604,False,False
0.5119319940711496,0.29276602538466706,0.19530198054418343,96.56507817442424,True,True
0.5610295845891119,0.22056634491649105,0.21840407049439692,96.56063797939444,True,True
0.10503837261980997,0.34079057809805535,0.5541710492821346,79.02831843662025,False,False
0.7948498174893438,0.12057982737071757,0.08457035513993874,96.14529452237512,True,True
0.29418914333501656,0.1952466358296884,0.5105642208352951,94.32378039105524,False,False
0.4537438769309479,0.44255308588316195,0.10370303718589001,95.89002002618095,True,True
0.3101117426295555,0.49348742107215043,0.19640083629829416,91.79881282209178,False,False
0.7674135361432739,0.20557859236269424,0.02700787149403182,96.22160958268518,True,True
0.19419417965103006,0.3717500976647563,0.43405572268421366,88.26155696892553,False,False
0.03007409535262099,0.6194635396947917,0.3504623649525872,69.65222044371117,False,False
0.023962030451638004,0.6274606951471421,0.34857727440122005,69.23327526448442,False,False
0.28614903165462524,0.43063876096734677,0.2832122073780278,93.2343694514665,False,True
0.5094618264315179,0.489901323734742,0.0006368498337400261,95.74822782609442,True,True
0.6811217918100038,0.31306608289384724,0.005812125296148959,96.1742377929157,True,True
0.39679137897113487,0.4181540121587446,0.18505460887012057,95.21899046698492,False,True
0.08892605490393311,0.7802262317102424,0.1308477133858244,70.03995131908378,False,False
0.596991456836778,0.2956633431148908,0.10734520004833109,96.35625719266214,True,True
0.24646327283453387,0.21326878454743758,0.5402679426180285,92.3235841623806,False,False
0.3603084899023597,0.30513480743923166,0.3345567026584085,95.94199437280554,False,True
0.08101403582444373,0.3368203715339838,0.5821655926415724,75.74787344891824,False,False
0.13428303590302215,0.24767117246914103,0.6180457916278369,80.20787603602251,False,False
0.011240359704300495,0.8547411802857726,0.13401846000992698,66.01746057661543,False,False
0.003271973797171518,0.14789532099243566,0.8488327052103929,46.871969249746584,False,False
0.34625632268572015,0.4719039428158954,0.1818397344983845,93.55610714538872,False,True
0.0011331758203340814,0.7350230947333525,0.26384372944631346,67.06831693976044,False,False
0.05176504738687643,0.7446876038056102,0.20354734880751332,69.0030488964465,False,False
0.025115736957723477,0.2034932875277561,0.7713909755145203,57.05780356221294,False,False
0.477834505719531,0.2835127027941103,0.2386527914863587,96.66123927465004,True,True
0.12294549892758133,0.07559901329410375,0.8014554877783149,62.3955483107826,False,False
0.11675394037608318,0.6766921131847465,0.20655394643917024,73.71122397624323,False,False
0.42994189069849326,0.35087114031844663,0.2191869689830601,96.38045983378852,True,True
0.029869912246798042,0.36775887985181543,0.6023712079013863,69.97559089285687,False,False
0.07081151379491493,0.1337203031623436,0.7954681830427414,58.05688497547447,False,False
0.386962921958404,0.5261508620612776,0.0868862159803185,93.05077150331616,False,True
0.8611987184731746,0.12740904389191968,0.011392237634905687,95.9618342673265,True,True
0.31107928137562446,0.12647097796967174,0.5624497406547038,93.47248002187816,False,False
0.4543865212927103,0.10244925080108397,0.44316422790620574,96.46030274838941,False,False
0.1615153289429193,0.009272973458818869,0.829211697598262,63.6399492933568,False,False
0.226936326785231,0.6893419906465381,0.0837216825682311,80.96072409809142,False,False
0.4379710190543345,0.046073516716938705,0.5159554642287267,95.9663928022689,False,False
0.16268368361456456,0.5332516481128148,0.30406466827262063,81.44026460195435,False,False
0.39454027272453823,0.1798882532805546,0.42557147399490736,96.43236686483127,False,False
0.3529458786810944,0.1920208432619079,0.45503327805699767,95.89265193101181,False,False
0.13689358030835194,0.35925566253524216,0.5038507571564059,82.88974852170465,False,False
0.5697867475860299,0.29658873825669024,0.13362451415727988,96.34431711186974,True,True
0.7204508541278933,0.22714015630725637,0.05240898956485031,96.25410254085328,True,True
0.27478657837964304,0.03642723257190799,0.688786189048449,86.10456369586491,False,False
0.034585571440261614,0.5576070818108955,0.407807346748843,70.75568560916157,False,False
0.023610388080637673,0.19963849721082166,0.7767511147085406,56.29370614424766,False,False
0.06542840218549159,0.24792236394517833,0.6866492338693301,69.11069612647191,False,False
0.32373319504699255,0.49257758162942233,0.18368922332358514,92.49350244616696,False,True
0.43721620630786934,0.01693391760140045,0.5458498760907303,95.69582665774846,False,False
0.14460832075528587,0.45772715586331064,0.39766452338140346,82.13579836853089,False,False
0.393860014986952,0.23151058493401844,0.37462940007902945,96.36628771372325,False,True
0.25884941929610744,0.7364100175806847,0.004740563123207677,81.36320868920548,False,False
0.18928817918619031,0.31011864893894914,0.5005931718748604,87.75765354703489,False,False
0.04729407198959156,0.3099786670634167,0.6427272609469916,69.96345273764838,False,False
0.40759307826229985,0.1381196747164966,0.45428724702120354,96.44509197839622,False,False
0.34039668329587236,0.5086528943146901,0.15095042238943773,92.36865040812184,False,True
0.18395215996107253,0.3403229035197665,0.475724936519161,86.98116452543943,False,False
0.16854595367261835,0.006102677510187309,0.8253513688171943,64.6000972243312,False,False
0.41327772872067625,0.5093431943949756,0.07737907688434807,94.17623261248784,False,True
0.0689019452669169,0.07842495195371106,0.852673102779372,52.40819972441507,False,False
0.016120416290639518,0.8150589140509975,0.1688206696583631,66.75098601807973,False,False
0.2033226959228526,0.5987958970503888,0.19788140702675863,82.26103185691503,False,False
0.15910424616643343,0.8151723855825183,0.02572336825104834,73.28941633906932,False,False
0.12294880174635955,0.8609902245260949,0.016060973727545485,70.25813737244734,False,False
0.10920526465703008,0.2763265378614704,0.6144681974814995,77.6438913440731,False,False
0.7020738621023354,0.10423569418023743,0.19369044371742722,96.1576776851663,False,True
0.17734699994141606,0.19070411441476226,0.6319488856438218,84.14852537120402,False,False
0.8073230401441504,0.18799822563040072,0.00467873422544877,96.00988604141547,True,True
0.2523634369479759,0.5600102172274614,0.1876263458245627,86.9930668799337,False,False
0.17826044819220893,0.7065634208584947,0.11517613094929639,77.98191722704965,False,False
0.20119331823048886,0.22197218162904717,0.5768345001404641,88.44783445185737,False,False
0.28723469092891946,0.4759501903027276,0.2368151187683531,91.73744256582535,False,False
0.07714060232603519,0.8058240324581336,0.11703536521583124,69.40399229678587,False,False
0.8591509006143493,0.12964413781913509,0.011204961566515606,95.9618342673265,True,True
0.08798148897263801,0.03189541709550596,0.8801230939318562,50.52842014181572,False,False
0.3526496919132946,0.10386540658410495,0.5434849015026003,94.97233522328764,False,False
0.5467755593552748,0.2705481826723519,0.18267625797237336,96.56987189344603,True,True
0.3123988647144579,0.17765852819448147,0.5099426070910608,94.79961750267478,False,False
0.4051468723495959,0.27941823632472723,0.31543489132567676,96.36258957493399,False,True
0.523017444790627,0.40344120942349176,0.07354134578588127,96.23320741386084,True,True
0.03542504951572835,0.9501498752656331,0.014425075218638587,65.86243185615888,False,False
0.3978805267542972,0.5951514763924677,0.0069679968532351255,91.598655025617,False,True
0.6379254026471539,0.12870181836830596,0.23337277898454012,96.48367847269209,False,True
0.033841040387027004,0.6254871059083491,0.34067185370462383,69.88181388282914,False,False
0.40548717526617595,0.14868356622294676,0.4458292585108772,96.41333557989303,False,False
0.24733272190903322,0.7269903532661279,0.02567692482483905,80.87866750189119,False,False
0.5152806490074827,0.2131826899949244,0.27153666099759277,96.58189554270076,False,True
0.6212036983351437,0.0234319808178222,0.355364320847034,96.2631982812178,False,False
0.9173290425516256,0.006453182534531014,0.07621777491384334,95.94920918818019,False,False
0.6796420730607479,0.1991178809775197,0.12124004596173238,96.48990321469194,True,True
0.1713081849539579,0.1230765169930303,0.7056152980530118,79.01012167796168,False,False
0.22091674305548545,0.23173260223778258,0.547350654706732,90.10631266085373,False,False
0.06373538684657876,0.4955508360302954,0.44071377712312576,73.87302478488188,False,False
0.6419996462788676,0.05145004324062821,0.3065503104805042,96.207694333503,False,False
0.16091068305459022,0.07055627472624623,0.7685330422191635,71.75926163484274,False,False
0.22106244596890215,0.7529714880162354,0.025966066014862475,78.62718424170902,False,False
0.11760911989524636,0.649410830540521,0.2329800495642327,74.78634698808376,False,False
0.916304147028611,0.070158077237715,0.013537775733673983,95.76345648701793,True,True
0.31102020800601965,0.17216115139272878,0.5168186406012516,94.74804604322124,False,False
0.2436221138326204,0.3721592552969434,0.38421863087043606,92.13609874225843,False,True
0.7183200588253786,0.05473834389186614,0.22694159728275523,96.12377925239149,False,False
0.21828922886359034,0.7773754426253736,0.004335328511036087,78.08674667350546,False,False
0.7707397471895194,0.15294544581352726,0.07631480699695344,96.00744062713598,True,True
0.03965792367933225,0.16897244812045822,0.7913696282002095,55.76931169052893,False,False
0.3030347450782701,0.4628754347548291,0.2340898201669007,92.62018421139054,False,True
0.08830215042214408,0.6783502884236603,0.23334756115419558,71.93049422979708,False,False
0.9759588008392088,0.0002869812930848765,0.02375421786770638,95.82213076240113,False,False
0.21037495766052902,0.5096566473804366,0.27996839495903425,86.60970144909128,False,False
0.002321539914938294,0.4610096125743376,0.5366688475107242,68.61957846990666,False,False
0.9767358074976686,0.0011106109852762375,0.022153581517054995,95.82213076240113,False,False
0.5399955279661284,0.32313295787370083,0.13687151416017082,96.3844693687983,True,True
0.17203871444891836,0.20002381957768425,0.6279374659733974,83.93111923784724,False,False
0.6053265738119444,0.2096606949497985,0.185012731238257,96.54513474243849,True,True
0.1690281095080796,0.2965688962994893,0.5344029941924313,85.7696808112113,False,False
0.3030725992864817,0.49232809273468764,0.2045993079788307,91.71201602029655,False,False
0.2745357894011793,0.16256540827725702,0.5628988023215638,92.52642166583877,False,False
0.7230400736046126,0.08033227068407814,0.19662765571130925,96.09367286417657,False,False
0.08977534183291694,0.35260676919496414,0.5576178889721188,77.64844583003129,False,False
0.08231236492734383,0.14784372883000177,0.7698439062426544,62.9877184076223,False,False
0.0006670971360178452,0.3848636852964771,0.6144692175675052,66.29633592520557,False,False
0.4086589376773005,0.39143954693108396,0.19990151539161558,95.63243377716923,True,True
0.5204045082902565,0.2646463732190414,0.2149491184907021,96.59166101261914,True,True
0.37615493767012054,0.6227696061830644,0.00107545614681512,90.43688291727821,False,False
0.1937517424032732,0.38335234113336036,0.42289591646336633,87.84332062732719,False,False
0.15666470946952976,0.5528160287522426,0.2905192617782278,80.48696798163806,False,False
0.1489746835462672,0.5302690549675233,0.32075626148620934,80.26256791437322,False,False
0.43478476663608456,0.3402201682379696,0.22499506512594594,96.37394044416342,True,True
0.705211600475908,0.2094600276952537,0.08532837182883839,96.29884264760284,True,True
0.5375420396555813,0.04212741279647101,0.4203305475479475,96.55808256893785,False,False
0.0441198249157037,0.8292898348596175,0.12659034022467877,67.86483420088416,False,False
0.3683274083591497,0.20505923193518652,0.4266133597056637,96.40349424608944,False,False
0.6829588711267237,0.16500141693324236,0.15203971194003396,96.46538369065503,True,True
0.06731971288312895,0.8356313532806395,0.09704893383623145,68.44031272662676,False,False
0.3323530014910435,0.3106505173879999,0.3569964811209567,95.76317206788754,False,True
0.5209377780713997,0.17130919468030922,0.30775302724829096,96.64294689199518,False,True
0.5176989195245557,0.20159523663094933,0.280705843844495,96.60419012861846,False,True
0.354838751904165,0.18342507716766457,0.4617361709281704,95.98386827519477,False,False
0.09884570609492727,0.4291532534710646,0.47200104043400837,78.60084772840972,False,False
0.4422787617864316,0.3106727333041734,0.2470485049093949,96.51050562510065,True,True
0.23994836740185063,0.05053645838380052,0.7095151742143488,83.47921229680128,False,False
0.0885704633183994,0.08345544576255788,0.8279740909190427,56.20569038063397,False,False
0.6230149320255032,0.3250402280817794,0.05194483989271751,96.23506198621963,True,True
0.4598165216491152,0.45835242860865727,0.08183104974222771,95.69972117318079,True,True
0.12016146130979659,0.16763699826306364,0.7122015404271398,73.12764921446775,False,False
0.16759764008685246,0.25177091239435917,0.5806314475187884,84.83840926767044,False,False
0.32522644570643605,0.571878515374053,0.10289503891951099,90.21675793841123,False,False
0.6341580574515678,0.07551715096692839,0.29032479158150376,96.31516775443703,False,False
0.03296419769414832,0.6233526721229377,0.343683130182914,69.86122920190002,False,False
0.3221054604422054,0.45693779749171026,0.22095674206608418,93.49327386252362,False,True
0.8384298521960841,0.018131860774067903,0.14343828702984796,95.9688480547004,False,False
0.3070177782448819,0.5384009975614127,0.15458122419370532,90.56450102362307,False,False
0.4478638325603647,0.41994083158766654,0.1321953358519688,95.98821673459322,True,True
0.11345413045975933,0.40337076136221267,0.483175108178028,80.64890371891573,False,False
0.46665662224183313,0.43796874053077256,0.09537463722739431,95.89260092789354,True,True
0.24376207651833232,0.164028777146952,0.5922091463347156,90.2826909574705,False,False
0.0016230371299504462,0.1748301692885002,0.8235467935815494,49.25477759102833,False,False
0.31172660515374984,0.2570138348507116,0.43125955999553856,95.33875082512485,False,True
0.21068130034538682,0.36134527117059645,0.42797342848401687,89.3328864744491,False,False
0.24727755099043666,0.5237634108944389,0.2289590381151245,87.99359733183874,False,False
0.03505188051395418,0.39327366024940985,0.571674459236636,70.60321415907713,False,False
0.1018313900752144,0.18330294146991497,0.7148656684548707,70.87113788658601,False,False
0.1487486520852431,0.4612468845419989,0.390004463372758,82.72606249869291,False,False
0.5580324526597554,0.039854018335315086,0.40211352900492936,96.4353107036005,False,False
0.22289598131841307,0.20854486234213404,0.5685591563394528,90.00199219937474,False,False
0.11243706934469878,0.8244770448023195,0.06308588585298167,70.4856968315374,False,False
0.4476523623267832,0.09804684730421905,0.4543007903689977,96.40798645518018,False,False
0.3901291696526017,0.5787427351508381,0.031128095196560183,92.01165735651446,False,True
0.704663720527047,0.21546722973661336,0.07986904973633968,96.29884264760284,True,True
0.3363864371590798,0.4208463785936799,0.2427671842472403,94.41333419276211,False,True
0.24590739143123327,0.5602210598938403,0.19387154867492634,86.396835752534,False,False
0.15687283613718442,0.5014083294485518,0.3417188344142637,82.6952642015727,False,False
0.12659824053275387,0.2949327410702383,0.5784690183970078,81.28367933189841,False,False
0.3014824188749098,0.6841435374660909,0.014374043658999417,84.97663101602672,False,False
0.09184611538297796,0.13005248306294814,0.7781014015540739,62.472753259283465,False,False
0.4638254744732336,0.2236056116558112,0.31256891387095537,96.78590681369417,False,True
0.27673829083398765,0.09825138873771026,0.6250103204283022,90.33640877706205,False,False
0.3283001781856257,0.1541640470994595,0.5175357747149149,94.96463307671583,False,False
0.002356024340941239,0.4573769720697634,0.5402670035892954,68.55526159194801,False,False
0.16302374308643006,0.3157976507350224,0.5211786061785475,85.4603510170536,False,False
0.08959537242790663,0.7258983345048986,0.1845062930671948,71.12892404354447,False,False
0.41212644811597077,0.3165562787307129,0.27131727315331644,96.24460990786223,True,True
0.0801256494183143,0.20903006423096096,0.7108442863507248,68.56991358453996,False,False
0.90267144966406,0.05900415513269236,0.038324395203247534,95.74570308626443,True,True
0.2087304068513618,0.04443137169608616,0.7468382214525521,79.10519824877039,False,False
0.5223249927456334,0.3540802202918376,0.12359478696252912,96.33868718154936,True,True
0.08544883792645588,0.030472049084874487,0.8840791129886696,49.99602892385772,False,False
0.42313959744541974,0.15122993480236335,0.42563046775221686,96.45842983253765,False,False
0.6947630012969787,0.07175830179933254,0.23347869690368883,96.22752150711341,False,False
0.32654182754057826,0.18365667592314458,0.48980149653627697,95.23617208707843,False,False
0.1052510424809493,0.5368008492636459,0.3579481082554048,76.36701486582136,False,False
0.6389340634338188,0.3274931598189049,0.03357277674727634,96.23506198621963,True,True
0.0888873936079964,0.8337686172276405,0.0773439891643632,69.23477741772409,False,False
0.17272572117248933,0.4324655322743297,0.3948087465531809,85.50434507593624,False,False
0.34214139040378716,0.3654657219428255,0.29239288765338717,95.23227399164504,False,True
0.42110152459284567,0.1672777744418693,0.4116207009652849,96.5369798721415,False,False
0.17702945563532685,0.6408498552384037,0.18212068912626939,79.84716244906586,False,False
0.6431276650516399,0.30651070260371466,0.05036163234464547,96.25496152107328,True,True
0.79747202457425,0.1194686016888287,0.0830593737369214,96.14529452237512,True,True
0.06746511747853888,0.48627368641521435,0.44626119610624676,74.12576334938319,False,False
0.5996013265314237,0.3519117875366798,0.048486885931896394,96.29274143759497,True,True
0.12717717254589997,0.2228479272612046,0.6499749001928954,78.207454071019,False,False
0.07215535441961092,0.6057623768449659,0.32208226873542306,72.42860288328295,False,False
0.27821112355914024,0.26060950329373395,0.46117937314712587,94.46333823839271,False,True
0.290055872487296,0.3755670338370739,0.3343770936756301,94.10721866626459,False,True
0.19384224655010793,0.368927097390933,0.43723065605895917,88.27445203232911,False,False
0.9507188711903274,0.019750989416463475,0.029530139393209018,95.93614740749453,False,True
0.008477253523848437,0.32584397033367896,0.6656787761424727,65.27749012306168,False,False
0.4469476516321202,0.27220748531285777,0.2808448630550219,96.57229527317335,False,True
0.24284930653893783,0.29629633696410307,0.46085435649695905,92.1408376717897,False,True
0.5337058949524082,0.2665371627301642,0.19975694231742758,96.60327209305338,True,True
0.5558261466504943,0.0326522484158305,0.4115216049336752,96.4353107036005,False,False
0.8487520365843325,0.02387147973599668,0.12737648367967083,95.96545766706373,False,False
0.6879095474152315,0.14777340185092874,0.1643170507338399,96.43128848646053,False,True
0.48813799627622334,0.47509964909888186,0.036762354624894744,95.71201812553369,True,True
0.426036210096973,0.4440719483411632,0.12989184156186365,95.63989318777382,False,True
0.4695563575283852,0.04776568293936979,0.482677959532245,96.30161546783144,False,False
0.23420551045852672,0.1609412472416626,0.6048532422998106,89.58704914416393,False,False
0.5656429469850792,0.30178948124187543,0.13256757177304523,96.34431711186974,True,True
0.02555096567809625,0.08672366429242898,0.8877253700294748,45.16302115939174,False,False
0.12761055559670262,0.06772089475891295,0.8046685496443845,62.5442385971026,False,False
0.39230526899728363,0.2401572489459864,0.36753748205672987,96.33854317984374,False,True
0.269746794636736,0.4009527759097401,0.3293004294535239,93.27903583619465,False,True
0.39117118770505216,0.17849416801740906,0.4303346442775388,96.43236686483127,False,False
0.2949081371898195,0.25035428940974236,0.45473757340043824,95.04511017131011,False,True
0.02957916921152962,0.8850635603621919,0.08535727042627854,66.4930401878289,False,False
0.4990859634527158,0.4844964625221399,0.016417574025144308,95.71201812553369,True,True
0.2956252986876365,0.45955462001120584,0.2448200813011577,92.64422691777004,False,True
0.27717937445702384,0.2341356947344899,0.4886849308084862,94.09949281533376,False,False
0.33383485762498777,0.2533867822991881,0.4127783600758242,95.62061920181844,False,True
0.37731037900234293,0.30373942318806574,0.31895019780959116,96.05290222771207,False,True
0.18589721164878784,0.005509886967293944,0.8085929013839184,69.47033639883013,False,False
0.20729950194056934,0.2666249941148912,0.5260755039445394,89.06055738755197,False,True
0.11434806322085357,0.20096209270855098,0.6846898440705955,74.56940961882489,False,False
0.22430430065197662,0.4597188154539899,0.31597688389403333,88.86925115442459,False,False
0.40143107724661053,0.4633814037571799,0.13518751899620948,94.50385241693323,False,True
0.4214579889199195,0.3176102807282862,0.2609317303517943,96.27256390124155,True,True
0.06596109420727715,0.20589573179023113,0.7281431740024916,65.81819491806455,False,False
0.16130427715300527,0.5961230971792415,0.24257262566775326,79.7617943616539,False,False
0.15892850817303522,0.013661513655499714,0.8274099781714651,63.62409968027697,False,False
0.07539674212866497,0.45406478463379507,0.47053847323754,74.9969697358305,False,False
0.3605050511282515,0.06638702573656304,0.5731079231351855,94.48452340337067,False,False
0.3806976048323823,0.4868762917680686,0.132426103399549,93.99167804740578,False,True
0.7796082099768805,0.21118580389165484,0.009205986131464531,96.23930993759238,True,True
0.7583177140110934,0.012664951763603436,0.2290173342253032,96.04882939308196,False,False
0.7505989716121945,0.20161337090785403,0.047787657479951444,96.22160958268518,True,True
0.6582223323358712,0.33670827548958915,0.005069392174539524,96.23506198621963,True,True
0.3327893331448556,0.26680173728424567,0.40040892957089874,95.81581037753882,False,True
0.44726361880993404,0.09711323778283734,0.45562314340722876,96.38586656334033,False,False
0.3704649307888761,0.4801552102139861,0.14937985899713785,93.93062632860473,False,True
0.28570070421898386,0.375189756884824,0.33910953889619233,94.05156200883371,False,True
0.5379664256299145,0.30542350377858474,0.15661007059150084,96.32865235955053,True,True
0.32131814680699783,0.4612189332141201,0.2174629199788821,93.30652410484515,False,True
0.1459441985724113,0.5960188064724125,0.25803699495517624,77.94033249418761,False,False
0.38653926595000515,0.32435068624017976,0.28911004780981503,96.08453756405146,True,True
0.25883860293127553,0.25875013850258916,0.48241125856613526,93.24273170468422,False,True
0.07985287879598107,0.5399173636574556,0.3802297575465634,74.13608125998621,False,False
0.2283916292123395,0.15829168388821882,0.6133166868994416,88.7751433155012,False,False
0.49018829105779793,0.11292407877691647,0.3968876301652857,96.69323224185854,False,False
0.37555713640877514,0.3676350512460694,0.25680781234515543,95.72383595008922,True,True
0.39992756792542794,0.3168890442759963,0.28318338779857577,96.12778980137739,True,True
0.13861960312040178,0.5537344558228782,0.3076459410567201,78.78930383186017,False,False
0.556494401085434,0.4296650657346549,0.013840533179911022,96.02671671339834,True,True
0.43296600779135597,0.3306442368161479,0.23638975539249607,96.41870401069987,True,True
0.6529613697427771,0.21888526356458077,0.12815336669264227,96.47283568993181,True,True
0.14377765430739167,0.16620049029648115,0.6900218553961273,77.17798091753029,False,False
0.5670696883821916,0.08045181558291349,0.35247849603489506,96.50404664051877,False,False
0.08521588091418215,0.17863671736384892,0.7361474017219689,66.64981880595867,False,False
0.3059242936712632,0.31308258239734277,0.38099312393139395,95.15653191009598,False,True
0.6955923114332845,0.2682683809986561,0.03613930756805945,96.29302761116568,True,True
0.33926249554902693,0.30557726411633074,0.3551602403346424,95.8471580449891,False,True
0.2917729611480439,0.6464472092683776,0.06177982958357854,85.40584741833955,False,False
0.2539003772848079,0.42059244559522097,0.3255071771199711,91.70950895633527,False,False
0.24802489796601826,0.0688791139240754,0.6830959881099063,85.87905516141636,False,False
0.3254275847054434,0.6109004709423322,0.06367194435222415,89.17302242657492,False,False
0.16772684445872996,0.0951212738458922,0.7371518816953778,76.18064154326524,False,False
0.7991148265846459,0.08609776349190523,0.11478740992344873,96.03522956093202,False,True
0.10425362185005664,0.4755039113890082,0.42024246676093513,77.60907477368913,False,False
0.7315008917367971,0.0409544075624242,0.22754470070077865,96.05728039428193,False,False
0.25591874179796065,0.5654027440938839,0.1786785141081555,86.8294509803466,False,False
0.08701319213461148,0.3182496921243825,0.5947371157410059,76.13443438821092,False,False
0.6011588675553292,0.33407471201384564,0.06476642043082512,96.27523032294998,True,True
0.6021666420568144,0.37451784126412296,0.023315516679062676,96.2678252521668,True,True
0.0673333483510772,0.5438747247751619,0.388791926873761,73.38506997249439,False,False
0.14575037593418214,0.3255429453815575,0.5287066786842604,84.0330392099532,False,False
0.38948198748896,0.03229694190994821,0.5782210706010918,94.5408624658898,False,False
0.10987429307622054,0.8227103685548489,0.06741533836893068,70.409921613763,False,False
0.120023898635852,0.709293980436356,0.170682120927792,73.44310855788821,False,False
0.10012378691262741,0.8455685365170239,0.0543076765703486,69.72315473532971,False,False
0.2554085197242873,0.49487891620768953,0.24971256406802333,89.64640004553688,False,False
0.30579624956980783,0.013669310461161351,0.6805344399690308,88.59797607490538,False,False
0.40323838640233406,0.3039157808006756,0.29284583279699017,96.21251631960665,True,True
0.6602026408050236,0.08617700319031754,0.2536203560046589,96.28871518915524,False,False
0.4107109276663576,0.013579723736075931,0.5757093485975665,94.87938171519752,False,False
0.5713534949969501,0.1678156674004378,0.26083083760261205,96.63697022937104,False,True
0.596939943196576,0.040038431192780846,0.36302162561064316,96.34458391725238,False,False
0.21830046366754124,0.37270851390587895,0.40899102242657986,90.20944260278586,False,False
0.5173672186143295,0.13501888511344834,0.3476138962722221,96.58596995093063,False,False
0.1399060748308905,0.3738572269062806,0.48623669826282895,82.98739865312584,False,False
0.15097799202347226,0.23288675445124904,0.6161352535252788,81.7969925914465,False,False
0.2688116111548998,0.1715111079536972,0.559677280891403,92.53168514440941,False,False
0.6166671550593481,0.21438666650889207,0.16894617843175988,96.51231937670133,True,True
0.339489043451823,0.5480101948260238,0.11250076172215326,91.19313378609593,False,False
0.19582595087242252,0.5776143906880863,0.22655965843949138,82.9806788767567,False,False
0.37180486618819747,0.5540397827396861,0.0741553510721165,91.87090506733323,False,True
0.8286463161345203,0.09154987199885924,0.07980381186662025,96.03522956093202,True,True
0.635838827951355,0.35588254682408405,0.008278625224560748,96.25154259949362,True,True
0.4086558378801073,0.484155798904905,0.1071883632149879,94.54920358820861,False,True
0.24433771257794845,0.10269666026495995,0.6529656271570916,87.2527251403062,False,False
0.21527944351366846,0.7288065126905332,0.05591404379579833,79.1622856749001,False,False
0.40775058944827125,0.21157069360069689,0.38067871695103184,96.49913188860683,False,True
0.7037936606359686,0.2497396993944604,0.04646663996957102,96.25818680952311,True,True
0.33159254142625455,0.16161568529254303,0.5067917732812025,95.20360467831405,False,False
0.39110844314803994,0.26548113683930746,0.3434104200126526,96.38110486009398,False,True
0.6559315072636477,0.29500939344547433,0.04905909929087806,96.25407497632786,True,True
0.19137829640303566,0.5152407803143405,0.2933809232826238,84.76050907988359,False,False
0.1188052826891939,0.14026433631498517,0.740930380995821,70.03222103015273,False,False
0.19061078052992758,0.35631054274036356,0.4530786767297088,87.76122803166267,False,False
0.4820999272341862,0.44592142257592066,0.0719786501898933,95.90477625418895,True,True
0.20255118799168986,0.10136573181378254,0.6960830801945277,82.29261853350037,False,False
0.09967064886387897,0.12374304865604538,0.7765863024800758,63.71964409014929,False,False
0.6810282741699749,0.1742526100602982,0.1447191157697267,96.49442984118795,True,True
0.1355120114588868,0.5874567671246265,0.2770312214164866,77.55215844621681,False,False
0.36695586591310286,0.3228520182370961,0.310192115849801,96.06537128680318,True,True
0.056564369409823456,0.7163478141050912,0.22708781648508528,69.74866778088207,False,False
0.4498434947385895,0.49870226073750185,0.05145424452390867,95.28481443763172,False,True
0.2552108983782972,0.5876828164509301,0.1571062851707727,86.00244337015005,False,False
0.7017673998235143,0.17583995321937035,0.12239264695711528,96.44885170522167,True,True
0.5496225688192424,0.07957280925669039,0.37080462192406705,96.5216841723139,False,False
0.8006368401028884,0.10579761143307966,0.09356554846403185,96.10947491496715,True,True
0.47866474608578136,0.4556488385249937,0.06568641538922486,95.8066067822498,True,True
0.7544421173822429,0.08464690617210194,0.1609109764456552,96.08673576475526,False,True
0.020728442527197733,0.5377770663949052,0.4414944910778969,70.22048774876423,False,False
0.11606941615362633,0.28923636708134765,0.594694216765026,79.45888076564401,False,False
0.24307314725747667,0.6143766486003438,0.1425502041421794,84.30654146922512,False,False
0.013211606940511239,0.14483537144183117,0.8419530216176576,48.13998722993643,False,False
0.35969696473447593,0.2382791356000613,0.4020238996654627,96.11371873672778,False,True
0.458368432873223,0.20367123362936368,0.33796033349741345,96.66814864012514,False,True
0.5249248396954935,0.037084240228850845,0.4379909200756557,96.51332640989109,False,False
0.2635372066234526,0.12325192548411283,0.6132108678924346,90.49084374661331,False,False
0.22415218224469347,0.36898502234462055,0.40686279541068604,90.53428944820757,False,False
0.31857458860274385,0.26761336520782897,0.41381204618942713,95.47409422245735,False,True
0.39383404235034175,0.3116240452561338,0.2945419123935244,96.1618427272682,True,True
0.09167592372739089,0.272598670162765,0.635725406109844,75.52247042527245,False,False
0.2014045784508722,0.7802447424618187,0.018350679087309214,77.22143115834912,False,False
0.4804008908771253,0.06689753912749381,0.4527015699953808,96.37568765479375,False,False
0.0026075730029146947,0.8016979740993849,0.19569445289770038,66.60442910373365,False,False
0.40322348341290676,0.4159950649510534,0.18078145163604,95.28933818140668,False,True
0.1379884270835991,0.759104039245004,0.10290753367139678,73.7393232004774,False,False
0.037632129390593023,0.3072779318137983,0.6550899387956086,68.70546151358023,False,False
0.03548955280956827,0.6652356853490572,0.2992747618413744,69.21913598404241,False,False
0.9780824958107278,0.016213729093199555,0.005703775096072707,95.60256219813292,True,True
0.15574784581234075,0.01714659466650316,0.827105559521156,63.35247042700929,False,False
0.6425027036803923,0.26005100826173533,0.09744628805787225,96.2889056204599,True,True
0.249851582469156,0.2534708466411659,0.496677570889678,92.75214311939325,False,True
0.07614986131321543,0.4991165180876101,0.4247336205991746,74.81774963090118,False,False
0.7630074406603421,0.07049593650389607,0.16649662283576194,96.05737622740492,False,False
0.0396354963683953,0.2788911301594696,0.6814733734721352,67.09558160024507,False,False
0.4703437572694081,0.11749557509577772,0.4121606676348143,96.49727646569048,False,False
0.21859296190804312,0.7713561794424327,0.01005085864952408,78.14801559563675,False,False
0.2670136579706758,0.7149925886364633,0.017993753392860735,82.61688667072318,False,False
0.16652102539259084,0.5462402247125501,0.28723874989485904,81.23409119296248,False,False
0.2795215376441181,0.2707674471228809,0.44971101523300083,94.53522705352118,False,True
0.1365295275653464,0.38588753687224464,0.47758293556240894,82.65767688469089,False,False
0.2645646747504527,0.10560579468194423,0.6298295305676032,89.61177895578513,False,False
0.015887195729552852,0.32490855206977576,0.6592042522006715,66.2866335603001,False,False
0.473601622789187,0.398335278878932,0.12806309833188104,96.12288474249193,True,True
0.1772187409416335,0.8129796461142387,0.009801612944127742,74.01213025494171,False,False
0.00797940592969041,0.30850927224085556,0.6835113218294541,63.66178365156934,False,False
0.14222801037069246,0.7406189362213731,0.11715305340793451,74.04388717137475,False,False
0.138551894168068,0.22056293775958288,0.6408851680723491,79.26344860949463,False,False
0.08928792786786659,0.2009645499120781,0.7097475222200553,69.49387123112474,False,False
0.4233158708195558,0.3758856842644251,0.20079844491601917,96.26251873653362,True,True
0.5817804102838826,0.3816703390851699,0.03654925063094735,96.19955833429806,True,True
0.19179820131137448,0.6042869424464993,0.2039148562421263,81.34784682706808,False,False
0.16829203296082454,0.010858733083576256,0.8208492339555992,65.17769514882836,False,False
0.3286962546947004,0.2049843669825291,0.46631937832277043,95.4242162587205,False,False
0.05681189426427959,0.6739821392743651,0.26920596646135536,70.37597072720456,False,False
0.9046160145432658,0.0110283564647124,0.0843556289920218,95.94331421341501,False,False
0.06992221405362271,0.1626350091975083,0.7674427767488691,62.22474355865004,False,False
0.029666652726072853,0.7384351898206911,0.23189815745323614,67.95159245642822,False,False
0.30183185328136825,0.6134953165942648,0.08467283012436683,87.7581433078578,False,False
0.9004391947796584,0.05843590875167781,0.041124896468663824,95.74570308626443,True,True
0.22602601279492596,0.35513359175646575,0.4188403954486082,90.72928736662568,False,True
0.43723869815226196,0.3694911277995281,0.1932701740482099,96.16703396269654,True,True
0.565508874463506,0.4291277340204197,0.005363391516074421,96.05081725044055,True,True
0.25172262217065594,0.42352700590656545,0.3247503719227784,91.30056086746818,False,False
0.2772647804190866,0.4146335158175405,0.30810170376337304,93.30955703432832,False,True
0.40003218069999136,0.5351607868943317,0.06480703240567695,93.3567831340436,False,True
0.6875432220616435,0.28854633795981494,0.02391043997854157,96.28880609428198,True,True
0.25908623838820677,0.3866339766736959,0.3542797849380974,92.93325409648291,False,True
0.01891680009692991,0.894706551384095,0.08637664851897493,65.8150608523091,False,False
0.4563576779403429,0.4821005715982036,0.061541750461453396,95.50953100750141,False,True
0.08646834549102318,0.06662038100568617,0.8469112735032907,54.37606765869898,False,False
0.7997544274199986,0.1331443182537007,0.06710125432630067,95.9618342673265,True,True
0.3299261382757529,0.0575360910636566,0.6125377706605906,92.25183660677104,False,False
0.18524329206003892,0.24254840287618018,0.572208305063781,86.67682764042725,False,False
0.124997710889442,0.5771169198372181,0.29788536927333975,77.4273162765612,False,False
0.13104853202170497,0.8363269826373683,0.03262448534092672,70.87317145703678,False,False
0.26875896789333514,0.16468184840093666,0.5665591837057282,92.21760744269915,False,False
0.1846772621995564,0.7547624030816005,0.06056033471884305,76.84303496186705,False,False
0.28297149329460397,0.2816337663676105,0.43539474033778564,94.53549000054643,False,True
0.636431604072614,0.34666729750544806,0.016901098421938092,96.25267909372943,True,True
0.6161389720716717,0.28357020207286693,0.1002908258554614,96.30469678780938,True,True
0.5450094933927883,0.42619187181666157,0.028798634790550247,95.9878720693419,True,True
0.3470402519458511,0.04316670846858397,0.609793039585565,92.86612102729113,False,False
0.21671791099316948,0.6466596366946707,0.13662245231215991,81.35455016658473,False,False
0.5054575796183767,0.012082323617602794,0.4824600967640206,96.32807121798635,False,False
0.1554060243805174,0.12347020873384679,0.7211237668856358,76.43589726091963,False,False
0.17086684533751087,0.6834951395217284,0.14563801514076077,78.39245106736382,False,False
0.12161085847345157,0.4615541411784648,0.4168350003480835,79.84560459789856,False,False
0.1774798514524486,0.7566676074413264,0.06585254110622508,76.55996347211942,False,False
0.1645011594293678,0.5189596049604686,0.3165392356101637,82.72830496688165,False,False
0.12661122103682054,0.7726080481421865,0.10078073082099298,71.78821357681574,False,False
0.2436600440491991,0.4348052836491705,0.3215346723016304,90.63711379384196,False,False
0.015468821937882512,0.797458538633255,0.18707263942886257,66.94338728344007,False,False
0.19864772848714682,0.7037741725185804,0.09757809899427287,79.10236376224556,False,False
0.9245125612215792,0.009429219376810086,0.06605821940161086,95.97306084829651,False,False
0.05042842710476716,0.6693783392500223,0.28019323364521065,70.10622011154436,False,False
0.18664065138334615,0.5539593637870505,0.2593999848296034,83.17837640690394,False,False
0.04153881319128656,0.0046986765061478135,0.9537625103025656,41.51672585372547,False,False
0.03199333747976585,0.22676179972203814,0.741244862798196,60.80009508177686,False,False
0.3129598765884614,0.5016364603263466,0.18540366308519204,91.76072092514384,False,False
0.7183520905460409,0.05051575366241624,0.23113215579154273,96.08214800996575,False,False
0.029881843771484423,0.2470242894328686,0.7230938667956469,62.18887510139819,False,False
0.05132377205676778,0.6721517127481392,0.2765245151950929,70.12461436511282,False,False
0.2757831763052546,0.5176214754239432,0.20659534827080217,90.018554573528,False,False
0.5235333852195682,0.43729474937754226,0.039171865402889444,96.03753349431462,True,True
0.039326607492252544,0.30187086598073654,0.6588025265270111,68.48971612836206,False,False
0.17629705530447268,0.5232430571719114,0.30045988752361585,83.42346383961696,False,False
0.5568770658464149,0.4212145527039794,0.02190838144960561,96.02671671339834,True,True
0.47242611526296047,0.35390100791018664,0.1736728768268529,96.19077904830381,True,True
0.4788392761569765,0.2092214287267999,0.31193929511622354,96.68532395036164,False,True
0.40647874914518717,0.5184869340299825,0.07503431682483043,94.05761286652378,False,True
0.5668710946090143,0.2593092722100249,0.17381963318096072,96.56483950251358,True,True
0.4908637628356938,0.4973961780341847,0.011740059130121588,95.66363514189074,False,True
0.06801181767399936,0.2612761068128732,0.6707120755131275,70.44997274665313,False,False
0.49951881480083205,0.10476613962847268,0.3957150455706951,96.69323224185854,False,False
0.011731461091047543,0.6587014875442303,0.32956705136472225,68.11945964875665,False,False
0.15938557251377225,0.39024121901724873,0.4503732084689791,84.70253331976907,False,False
0.4126661124291314,0.5046730747452755,0.08266081282559308,94.35279331577958,False,True
0.5413023572635168,0.15842904947486997,0.30026859326161326,96.65363438667514,False,True
0.20755900107536684,0.13219766979589834,0.6602433291287347,84.86165718159373,False,False
0.4884175642995115,0.43224113702007533,0.07934129868041322,96.06622298480755,True,True
0.05731088341112259,0.4727695903841192,0.46991952620475824,73.62980250990609,False,False
0.4091405803354727,0.5578110527444684,0.03304836692005882,93.03501321266859,False,True
0.4582773233605266,0.23170395657544723,0.31001872006402614,96.74992058811519,False,True
0.07848070519880586,0.4562979268406155,0.4652213679605787,75.16396594021845,False,False
0.09287697145201675,0.813864452152015,0.09325857639596817,69.78895465981103,False,False
0.3547496679526941,0.2707447865299545,0.37450554551735143,95.97200497685402,False,True
0.5948261213679302,0.22111951814503295,0.18405436048703688,96.58063095014593,True,True
0.5030308243219044,0.27626237147179733,0.2207068042062983,96.6019551256238,True,True
0.5396316917417507,0.038904904226503174,0.4214634040317461,96.35652791147926,False,False
0.6775134456186978,0.25905165364522964,0.06343490073607264,96.29302761116568,True,True
0.29614971944139395,0.18692203984787029,0.5169282407107358,94.35334058845869,False,False
0.11750093590988261,0.08836926625641602,0.7941297978337013,63.256375311016676,False,False
0.2465357096675302,0.19633043116520663,0.5571338591672633,91.59380341588411,False,False
0.2275620056472474,0.12033101357362351,0.6521069807791291,86.60538190765655,False,False
0.37524360100447124,0.07027438366569759,0.5544820153298311,95.03120501987664,False,False
0.1370135306567096,0.037934250429490966,0.8250522189137994,60.745505565334945,False,False
0.0328116867430513,0.1155862810021667,0.8516020322547819,49.44819966726436,False,False
0.8276903372658545,0.07421522224201463,0.09809444049213097,96.01032637511993,False,True
0.5757372859675759,0.002418128084498086,0.42184458594792595,96.3097789521163,False,False
0.12634389493013704,0.40695169322789043,0.46670441184197264,81.4402355640578,False,False
0.8562300978730559,0.038436697339358034,0.10533320478758612,95.92887257378173,False,False
0.7220785868700741,0.05300286448214076,0.22491854864778513,96.10603856431891,False,False
0.8851359420184178,0.01070077337332303,0.10416328460825919,95.9194625532987,False,False
0.5353279438993239,0.06571191006520558,0.39896014603547053,96.54388706622929,False,False
0.38574821563453066,0.19109804537378494,0.4231537389916843,96.46240871057897,False,False
0.10276604849060081,0.3613539031072884,0.5358800484021108,79.25869711264387,False,False
0.13937065661366307,0.816889577598353,0.043739765787983935,72.09013240135384,False,False
0.3810202565242424,0.075215677871164,0.5437640656045936,95.29244573878225,False,False
0.21655491715168598,0.3123974441997958,0.4710476386485181,90.53141300730228,False,True
0.23865061686261604,0.09080724154676424,0.6705421415906198,86.20249920896674,False,False
0.566744736434701,0.4032963285918894,0.029958934973409602,96.13007159455536,True,True
0.4984367976396124,0.3258851393598983,0.17567806300048927,96.61222273886086,True,True
0.05245455182456021,0.49691693952410443,0.45062850865133536,73.23483129682451,False,False
0.2902540554618122,0.520863349943825,0.18888259459436268,90.50893659287725,False,False
0.62520688801796,0.1542302320592341,0.22056287992280593,96.55641245394946,False,True
0.24486326391373747,0.4501161533821434,0.3050205827041192,90.4667908848267,False,False
0.23019481964504881,0.48299339073996816,0.28681178961498316,88.76088160671152,False,False
0.24981396590534052,0.46859943059649695,0.28158660349816245,90.353355304247,False,False
0.5134945679857174,0.10279374620561188,0.38371168580867066,96.67665407333058,False,False
0.4284395887591406,0.380380268517099,0.1911801427237603,96.1546034570447,True,True
0.05695993408703929,0.7152597060296911,0.22778035988326953,69.74866778088207,False,False
0.31236474825695,0.07838579487014682,0.6092494568729032,91.86678983242308,False,False
0.7591564130434808,0.22986172421921622,0.01098186273730307,96.30011411475103,True,True
0.5094130293317314,0.13761138694700228,0.3529755837212664,96.6036296465959,False,False
0.488456692762976,0.47796157275280454,0.033581734484219576,95.67798048677216,True,True
0.14105111901109296,0.7557061511246796,0.10324272986422726,73.89490335998146,False,False
0.4608199098297391,0.5354585978281614,0.0037214923420994138,94.33156932914987,False,True
0.7735019949001372,0.03892229846479755,0.18757570663506534,96.00394357639715,False,False
0.15741568037230338,0.5593075381466638,0.28327678148103286,80.31407446445982,False,False
0.4253892420406858,0.5200148242976447,0.05459593366166948,94.13576848455375,False,True
0.07600039905444497,0.33879101775516596,0.5852085831903889,75.44773367590368,False,False
0.5996405826535512,0.04625539007988271,0.354104027266566,96.34458391725238,False,False
0.06374395352286431,0.225137466197262,0.7111185802798736,67.28522559423644,False,False
0.5560664529498452,0.3647671294506438,0.07916641759951099,96.32723587113597,True,True
0.16926179246808218,0.15256116816263965,0.6781770393692782,80.7682477018931,False,False
0.5007110800496786,0.15061438233176228,0.3486745376185591,96.62420745687425,False,False
0.025625096483375527,0.4454542216991808,0.5289206818174437,70.82387915952812,False,False
0.39547309747371345,0.47980288043064623,0.12472402209564029,94.26043731531941,False,True
0.05778846449969841,0.40110981623067604,0.5411017192696256,73.7055160922738,False,False
0.008883169520948558,0.7553285235296908,0.23578830694936054,67.24085185278923,False,False
0.26200783364235886,0.24551875445316945,0.4924734119044717,93.40430255081141,False,True
0.46007500223910625,0.4461353540293728,0.093789643731521,95.86646484557527,True,True
0.5516837574598034,0.0942689069648578,0.3540473355753388,96.49396023974276,False,False
0.16071003723348412,0.17676331938824053,0.6625266433782754,80.92285224864307,False,False
0.5300871907877305,0.09280491438446009,0.3771078948278094,96.56599613597658,False,False
0.41708744847695634,0.22616368708994095,0.35674886443310266,96.57748749319849,False,True
0.6372853635756973,0.2809283173703845,0.081786319053918,96.30980346961007,True,True
0.01306974125428592,0.5979424542410806,0.38898780450463344,68.74727531281783,False,False
0.07914517848075156,0.11689521384993176,0.8039596076693167,57.70879083111608,False,False
0.27611120804182726,0.11972924651115821,0.6041595454470144,91.18508097187245,False,False
0.08186461432923704,0.5684655837335808,0.34966980193718206,73.68238961891514,False,False
0.49029123385439516,0.20310514767313903,0.30660361847246576,96.65247975593066,False,True
0.4556686193600054,0.028704010196829843,0.5156273704431646,95.99279928689351,False,False
0.5104227944026506,0.13514010439799412,0.3544371011993553,96.58596995093063,False,False
0.31593390440734914,0.23493856315297382,0.44912753243967707,95.24208571639036,False,True
0.09038431701492873,0.3901413367413921,0.5194743462436792,78.26700639909723,False,False
0.7877942024871117,0.17406111096879107,0.03814468654409718,96.0433562470232,True,True
0.48506308516259716,0.06546554679030303,0.44947136804709986,96.5100310653044,False,False
0.6211000389069592,0.3590784026169187,0.019821558476122138,96.27143034922125,True,True
0.05117826053377785,0.2519780495938589,0.6968436898723633,67.07746551670188,False,False
0.6681423241026136,0.07736631686364086,0.2544913590337455,96.28871518915524,False,False
0.5480826387141222,0.29275426310065933,0.1591630981852186,96.54946290711983,True,True
0.7600415051605774,0.15837266119798307,0.08158583364143951,96.04091083274369,True,True
0.3507186588507992,0.08149280838020709,0.5677885327689938,94.51797945684446,False,False
0.10238678003405229,0.16430927402275042,0.7333039459431973,68.92658263192308,False,False
0.3296719894877513,0.30641972260447853,0.36390828790777024,95.72715191956107,False,True
0.3131927930299209,0.6327540749504644,0.054053132019614675,87.64430744246947,False,False
0.2735013065791633,0.6307406603506431,0.09575803307019368,85.37457354909938,False,False
0.0311862812995061,0.938047128998103,0.030766589702390667,65.91064021762413,False,False
0.05500112006813392,0.7789398479200118,0.16605903201185435,68.67449009469239,False,False
0.3896571759857599,0.47283987214129725,0.1375029518729428,94.29530320552666,False,True
0.48418754279762977,0.2518052394621694,0.264007217740201,96.7185273888949,False,True
0.2977321309594589,0.488191207496435,0.21407666154410618,91.7956941301925,False,False
0.6315615767018146,0.34808928447225396,0.020349138825931513,96.25267909372943,True,True
0.15551286505305778,0.7893733490719431,0.055113785874999106,73.65190902076351,False,False
0.09047226915972356,0.5205053420139998,0.3890223888262766,74.98107077192746,False,False
0.6298337522943834,0.1797544865947711,0.1904117611108455,96.52938690146145,False,True
0.3016170955056064,0.024944289703607764,0.6734386147907858,88.95666140249345,False,False
0.20778895691480714,0.5548928615021169,0.2373181815830759,85.00774497896873,False,False
0.05444867154431034,0.21445344210454292,0.7310978863511467,64.69304197672191,False,False
0.06338376258647321,0.8237745705542996,0.11284166685922738,68.47654144633832,False,False
0.17684010040312964,0.20430994569845767,0.6188499538984127,84.57671964502738,False,False
0.3148430177017412,0.3538188172202171,0.3313381650780418,95.11303954511722,False,True
0.1974306540028973,0.3219137956770066,0.48065555032009616,88.21313574929951,False,False
0.46582090148810595,0.36612471361522025,0.1680543848966739,96.17497115189467,True,True
0.17687849812134596,0.5348794916181654,0.2882420102604886,83.0855053754717,False,False
0.10774370896388956,0.1294690100113338,0.7627872810247766,66.10096493046835,False,False
0.7332321310462486,0.11110306351649217,0.15566480543725905,96.14012002376252,False,True
0.0035656841842062097,0.08652045515135157,0.9099138606644422,42.00492645993081,False,False
0.6988444434392835,0.16114111563533365,0.14001444092538293,96.44885170522167,True,True
0.5695401573189602,0.12965852197589378,0.30080132070514587,96.52638305973701,False,False
0.4178101579221178,0.4081506437810346,0.17403919829684766,95.78310943423233,True,True
0.1815299654548957,0.22314478374507665,0.5953252508000276,85.42151336753983,False,False
0.9344934140983664,0.02862280897943508,0.0368837769221986,95.92887257378173,False,True
0.44186863410691635,0.20620104857690527,0.35193031731617846,96.57156448680905,False,True
0.09256660031911401,0.15536611415502402,0.752067285525862,65.3500482240486,False,False
0.16541237525180294,0.17664328534501575,0.6579443394031813,81.63721137511295,False,False
0.33283392571493736,0.11786167188727792,0.5493044023977849,94.66325547326592,False,False
0.17934998070792735,0.41679692717207945,0.4038530921199932,85.9724442515304,False,False
0.11089570643340693,0.26898777027651827,0.6201165232900749,77.53610212116283,False,False
0.6542144834968983,0.2673681722285831,0.07841734427451855,96.3110473388604,True,True
0.12062555415469273,0.592182348366174,0.28719209747913327,76.9353044880033,False,False
0.684073837778223,0.04996300955174525,0.2659631526700318,96.13407716554806,False,False
0.7113601279410052,0.18354010562207326,0.10509976643692152,96.41404672204152,True,True
0.14363435727940363,0.4233258278982339,0.43303981482236237,82.61100228198805,False,False
0.22788202984124267,0.18296943518613148,0.589148534972626,89.80102840252812,False,False
0.4084575702750112,0.11772689344652838,0.47381553627846046,96.17992291816965,False,False
0.5979564480905912,0.2701526683838871,0.13189088352552175,96.35575557640337,True,True
0.2660021979200555,0.10626336747793433,0.6277344346020101,89.69998800111898,False,False
0.1775931032031611,0.41259046796163096,0.40981642883520797,85.90860114573192,False,False
0.026872159993221376,0.8867114235625515,0.0864164164442271,66.31303306632009,False,False
0.16165629307824875,0.4087288558949604,0.42961485102679076,84.79806950331205,False,False
0.20518174887776916,0.2032873895411518,0.591530861581079,88.1024636173766,False,False
0.1837455247108949,0.2992043263455757,0.5170501489435294,87.16677972948328,False,False
0.3489318735096441,0.3739246741357937,0.27714345235456217,95.1767312442857,False,True
0.14852521859580664,0.7926743545588267,0.05880042684536674,73.37033522989486,False,False
0.5272852979146574,0.2231932657484674,0.24952143633687512,96.56772891353657,False,True
0.7389999727409721,0.12109761868630751,0.1399024085727204,96.20366012940985,False,True
0.2536317360451723,0.5329786150731907,0.2133896488816371,88.2367401551028,False,False
0.4538563725779479,0.22729786854312908,0.3188457588789229,96.74836599613506,False,True
0.35103046319877784,0.6211299246852726,0.027839612115949465,89.51797705791662,False,False
0.7112354701412928,0.012704148499890253,0.27606038135881683,96.07887055324257,False,False
0.47299721754254853,0.1311133241239494,0.39588945833350214,96.6979830268869,False,False
0.4586408401857065,0.2247747648659624,0.316584394948331,96.74836599613506,False,True
0.3137221382318598,0.4860631742696656,0.20021468749847462,92.48562718024945,False,True
0.12162610933481958,0.8160212040922532,0.062352686572927134,70.91400417535692,False,False
0.23570424061417275,0.3602996102589223,0.4039961491269049,91.74544870277477,False,True
0.4109461081571649,0.4914064578016543,0.09764743404118068,94.48607600265748,False,True
0.13886226368801505,0.5607266280115794,0.3004111083004057,78.56267844403419,False,False
0.30297378782848633,0.0350064038293863,0.6620198083421274,89.54817973311458,False,False
0.08871148262919998,0.011685675853362252,0.8996028415174379,48.8173010783224,False,False
0.7320701812926997,0.15482944687835445,0.11310037182894582,96.23287815767675,True,True
0.4935021492354947,0.25016479385562135,0.2563330569088839,96.74083487125039,False,True
0.10472453792910894,0.23256363528345314,0.6627118267874379,75.14719815803646,False,False
0.16896933427029356,0.7868213952621017,0.04420927046760473,74.30725218891408,False,False
0.48389698276143456,0.04577015299200804,0.4703328642465574,96.31904581766375,False,False
0.7368651447676342,0.10982008355311335,0.15331477167925242,96.14012002376252,False,True
0.7649039671810975,0.22169821610748938,0.013397816711413145,96.26835890254759,True,True
0.45864673784623083,0.43719358103219663,0.1041596811215725,95.9543158024064,True,True
0.8580350444371628,0.10287517127473231,0.039089784288104897,95.89680123690553,True,True
0.44221198829724745,0.03288688335198275,0.5249011283507697,95.93010005125272,False,False
0.1417649142181995,0.4803517175155642,0.3778833682662362,81.35681499047554,False,False
0.5082790375162145,0.035175098597864364,0.45654586388592117,96.52444906807258,False,False
0.21451620242105582,0.3397482724979517,0.4457355250809925,90.16145652805147,False,False
0.22193452179929088,0.031608445821431075,0.7464570323792781,79.66387633175901,False,False
0.12141474809223812,0.688766408478323,0.18981884342943878,74.148718534966,False,False
0.07657216450430376,0.6870527519888604,0.23637508350683573,71.30960551406515,False,False
0.6327369890325337,0.1437481347744723,0.22351487619299396,96.50942031200933,False,True
0.24714193282625768,0.5590985395733475,0.19375952760039486,86.56200014509335,False,False
0.32169063284482263,0.3113454412003661,0.36696392595481125,95.62494287897316,False,True
0.18235824601481526,0.7454520199869467,0.07218973399823812,76.94639415006654,False,False
0.010068731449809671,0.9648336874057095,0.02509758114448087,64.73440540018049,False,False
0.602727224165545,0.2552441601452152,0.1420286156892395,96.48911796788747,True,True
0.4209070243206418,0.0498529867256077,0.5292399889537506,95.78914631197134,False,False
0.510938528426419,0.06597671503580287,0.423084756537778,96.58688533860679,False,False
0.6251668122193091,0.259141134892244,0.11569205288844675,96.30182490943294,True,True
0.1553441736699355,0.06813226489122802,0.7765235614388365,70.07127702216819,False,False
0.1541536433982262,0.19075110034626347,0.6550952562555102,80.59529359754598,False,False
0.3632212698059808,0.2710497104184774,0.3657290197755419,96.12637278163564,False,True
0.351343530952823,0.20685187614350328,0.44180459290367385,95.72805694749871,False,False
0.18832393517628163,0.5009828204725667,0.31069324435115164,84.84138670590701,False,False
0.327965115891324,0.05781735828579351,0.6142175258228826,92.17321265823398,False,False
0.14071417712806544,0.716460316720863,0.14282550615107167,74.47820800162032,False,False
0.07218354639354833,0.6982237229767753,0.2295927306296764,70.81245061930784,False,False
0.1478893458552028,0.3842230908298831,0.4678875633149141,83.3933604998441,False,False
0.8218581352358377,0.1558647233403518,0.02227714142381054,95.97972012889662,True,True
0.24449011658735392,0.5419271045649943,0.21358277884765184,87.19635459285094,False,False
0.5825182424218938,0.28674484382123555,0.13073691375687055,96.39463013660541,True,True
0.6521043860188463,0.1137683686437472,0.23412724533740653,96.47218273532634,False,False
0.08855189163238064,0.7195968273751868,0.19185128099243248,71.20153121332318,False,False
0.06346670664823192,0.417806156600648,0.5187271367511201,74.03121154419637,False,False
0.03715272317224004,0.6782701128614299,0.2845771639663299,69.12403566169458,False,False
0.039484755286760494,0.6319169344493152,0.3285983102639244,70.15208980705036,False,False
0.23097304267887428,0.010035013987488918,0.7589919433336368,79.04089220781024,False,False
0.5128973103317874,0.43016752376790124,0.0569351659003112,96.09710053773682,True,True
0.0784384211830706,0.46424425148862747,0.4573173273283018,75.68021088944386,False,False
0.049618664316085206,0.27446415136403207,0.6759171843198829,68.59952648860072,False,False
0.35309786553723027,0.1348890185220616,0.5120131159407081,95.36994853065983,False,False
0.42553776417060224,0.46176370386721693,0.11269853196218067,95.33567446686317,False,True
0.2028770858067489,0.5391082119322577,0.25801470226099343,85.2380681176862,False,False
0.3165468333899293,0.14950230338370946,0.5339508632263612,94.61509096911183,False,False
0.07737500424712035,0.7929848645784046,0.12964013117447515,69.6043316064911,False,False
0.09569180797025538,0.730735297851774,0.17357289417797042,71.50968962262458,False,False
0.20728392542218993,0.37058800916622264,0.4221280654115876,89.08742390989661,False,False
0.5554462744331792,0.4403260737198067,0.004227651847014132,95.98711278076144,True,True
0.07226924499213566,0.1377829687279236,0.7899477862799408,58.76112847426166,False,False
0.6958431990558719,0.17801868938028118,0.12613811156384702,96.47643417384484,True,True
0.6237250273757892,0.13678897631953257,0.23948599630467823,96.54069712549442,False,True
0.4468387335517873,0.2466896874067243,0.3064715790414885,96.56419933351809,False,True
0.26147696404323895,0.5943790881642697,0.1441439477924914,86.05408929198416,False,False
0.73919960102038,0.07819411273212547,0.18260628624749461,96.09522500944063,False,False
0.00558823293566227,0.08264236902973365,0.9117693980346041,42.04499789984625,False,False
0.4623939085579806,0.5272142288460847,0.01039186259593481,94.56390052225397,False,True
0.5349604163653718,0.15394882155263723,0.3110907620819911,96.62433297656088,False,True
0.6969242350162976,0.26279329761732206,0.04028246736638024,96.29302761116568,True,True
0.08338099416356756,0.528230812087195,0.3883881937492375,74.58147527804945,False,False
0.8378236666297766,0.07268393277680413,0.08949240059341917,96.01032637511993,False,True
0.39777655988950816,0.554954905694486,0.04726853441600592,92.76839698173501,False,True
0.401433573460474,0.2600185807363762,0.33854784580315,96.41105294009678,False,True
0.5175981593443545,0.0026823938056141673,0.4797194468500313,96.29863641379906,False,False
0.03156994067594147,0.9527733150891179,0.015656744234940588,65.69634113126176,False,False
0.10151731914107617,0.4872125049329622,0.41127017592596166,77.10287785709411,False,False
0.5849133722329948,0.3401158828947221,0.07497074487228315,96.27220266739323,True,True
0.2772158976248981,0.35893601107734385,0.36384809129775814,93.75479675380257,False,True
0.32564396193489425,0.2155472009310367,0.45880883713406906,95.41056817194587,False,False
0.7913033378181735,0.03499594843769256,0.17370071374413393,96.00394357639715,False,False
0.13082721352633866,0.6150784491738522,0.254094337299809,76.72658829724894,False,False
0.10019840675818277,0.2060484997085649,0.6937530935332522,72.32486930459181,False,False
0.3342417101330854,0.2388479873079512,0.4269103025589634,95.56568898300957,False,True
0.22037387724448998,0.2502112001622522,0.5294149225932578,90.46826634803034,False,False
0.4626397934115796,0.22965807050328046,0.30770213608513985,96.78746140567429,False,True
0.06657575494913658,0.5988285926620391,0.33459565238882416,72.24264544926686,False,False
0.17543291900941285,0.6359037633801268,0.1886633176104604,79.86910601141926,False,False
0.028397037877646195,0.3846761569204923,0.5869268052018616,69.88568188794179,False,False
0.5572412482624035,0.004345386729162863,0.43841336500843364,96.34337095725414,False,False
0.01614316241959548,0.3479901567641375,0.635866680816267,67.57264965398807,False,False
0.22756652882377176,0.06980633712287934,0.7026271340533489,83.11546859888035,False,False
0.7868316203930551,0.05663712327469565,0.1565312563322494,96.01471618764027,False,False
0.5837992942003059,0.10060330846090192,0.31559739733879233,96.51213504559101,False,False
0.5009587025148869,0.36553501228052443,0.1335062852045886,96.22879727835473,True,True
0.28120620296142596,0.22948885047994844,0.4893049465586256,94.18893864813872,False,False
0.10390449481555694,0.017563234160273822,0.8785322710241691,52.03124588366141,False,False
0.1716260145699969,0.0007448915335681492,0.827629093896435,64.54580885800854,False,False
0.6114260154445554,0.12397961992969986,0.26459436462574465,96.50582492765535,False,False
0.28141632500111063,0.24061629969503437,0.47796737530385497,94.3810001614215,False,True
0.42978118992606507,0.4754892963990959,0.09472951367483907,95.20025534473005,False,True
0.815866786461007,0.1651420600235685,0.01899115351542446,95.97972012889662,True,True
0.01433082128553505,0.13386980935176201,0.8517993693627028,47.097020610236136,False,False
0.12350280743186175,0.04099580772033976,0.8355013848477986,58.42779746054359,False,False
0.48997537382972667,0.14190622958782734,0.368118396582446,96.64729672354889,False,False
0.2452159676802456,0.4278564032403405,0.32692762907941386,91.03303032541578,False,False
0.567771755788817,0.34002018340625406,0.09220806080492906,96.29120957541673,True,True
0.7514361935140945,0.09518253755279399,0.15338126893311152,96.08673576475526,False,True
0.02209540108950943,0.59074554979826,0.38715904911223054,69.39868463460763,False,False
0.2608221106729448,0.6431033949208781,0.09607449440617681,84.23205563392204,False,False
0.2994165500397191,0.22785110756386956,0.4727323423964113,94.98099088205848,False,False
0.5090083963429406,0.37588347296189345,0.1151081306951659,96.20492257698552,True,True
0.33379826272640173,0.17804101445242998,0.4881607228211683,95.49191988756554,False,False
0.13900937869908211,0.7380327161333807,0.12295790516753714,74.04388717137475,False,False
0.028457577964940126,0.46017462851981905,0.5113677935152408,71.45546140752697,False,False
0.17598361791992742,0.494162498784883,0.32985388329518955,84.26730915305923,False,False
0.033539176563620675,0.2972464118863188,0.6692144115500607,67.54464312446139,False,False
0.29025395183127245,0.020327963322260802,0.6894180848464667,86.85495989158628,False,False
0.4719466257911932,0.38061334237309963,0.14744003183570717,96.15109286756883,True,True
0.5869119958732747,0.40187047649040414,0.011217527636321249,96.1289160373106,True,True
0.11260245711139306,0.05517355939483372,0.8322239834937732,57.514049483663854,False,False
0.6332275372455359,0.2732154268343028,0.0935570359201612,96.32701307400478,True,True
0.805493048040613,0.12290054360990721,0.07160640834947994,95.9618342673265,True,True
0.5204154742130955,0.210868238371221,0.2687162874156835,96.56772891353657,False,True
0.21253458856673915,0.28339221857714897,0.504073192856112,89.94118044571391,False,True
0.2957384081157306,0.6845170200431409,0.01974457184112847,84.53672904618588,False,False
0.18570137841395606,0.13906943837713365,0.6752291832089102,82.21301375834511,False,False
0.024589185689520267,0.8254841137771891,0.14992670053329069,66.90093643118239,False,False
0.6461151567807414,0.02738412875518583,0.3265007144640729,96.13289117112,False,False
0.47092153497431805,0.28775945781150447,0.24131900721417757,96.60391770012751,True,True
0.24363425791929486,0.5800705843924631,0.17629515768824217,85.63724478525802,False,False
0.6527329445260897,0.1536440987808607,0.1936229566930497,96.48263814639033,False,True
0.72474033191943,0.13876206501445534,0.13649760306611458,96.2371711820519,True,True
0.5732932465043125,0.19064846934510535,0.2360582841505823,96.62154502942299,False,True
0.3279823198976681,0.26933894692183946,0.40267873318049247,95.6077841012511,False,True
0.2938098421513204,0.11430634269357995,0.5918838151550997,92.01649716803504,False,False
0.22730478986859995,0.05437972083473655,0.7183154892966636,82.01512038694553,False,False
0.5670947697060282,0.13339229799489777,0.299512932299074,96.52638305973701,False,False
0.29902278069063487,0.18141360209806756,0.5195636172112975,94.50096125882848,False,False
0.36558021239301247,0.19547038571948877,0.4389494018874986,96.21980273710199,False,False
0.87842446459481,0.033719169030381385,0.0878563663748087,95.92887257378173,False,False
0.36959392269152996,0.48919994279446855,0.14120613451400163,93.69387434930218,False,True
0.047484079489995834,0.874583382338627,0.07793253817137723,67.40786925868919,False,False
0.07498623773280697,0.4833171655929966,0.4416965966741963,74.79758133220966,False,False
0.12774769125421237,0.8314372471519523,0.04081506159383523,70.9148141678078,False,False
0.5620168696721095,0.18910240991804889,0.24888072040984147,96.58741528557331,False,True
0.1473190610921554,0.2884914823218008,0.5641894565860439,83.48170174280779,False,False
0.65799508559867,0.2210012693527009,0.12100364504862918,96.2889056204599,True,True
0.5173217359312945,0.1780852157399006,0.30459304832880507,96.64294689199518,False,True
0.5108587122212638,0.2934334515829499,0.19570783619578652,96.56636639160129,True,True
0.09913210142796064,0.02431493094262614,0.8765529676294133,51.968989419498655,False,False
0.1315406544706562,0.5572620486313937,0.31119729689795,78.30896139373887,False,False
0.5416395944464472,0.4569668976412491,0.0013935079123036217,95.98711278076144,True,True
0.13132847810027262,0.5708798767938419,0.29779164510588535,77.82119250601714,False,False
0.4564925112287963,0.40236823817075035,0.1411392506004533,96.07579597869105,True,True
0.0721869320515126,0.42315738886102167,0.5046556790874658,75.3713456417115,False,False
0.4046785686244807,0.5716826023366797,0.02363882903883964,92.50238980323029,False,True
0.9214935528810595,0.03987950992901472,0.03862693718992564,95.92887257378173,True,True
0.12747906036067583,0.7449890573183282,0.12753188232099602,73.19976037065365,False,False
0.420779966638992,0.48596155308145456,0.09325848027955339,94.79096946788442,False,True
0.19268958956086238,0.12175148887576387,0.6855589215633737,82.30205136047404,False,False
0.4697827019111228,0.003997345735552133,0.5262199523533251,96.11975657420453,False,False
0.22337435720144627,0.1090711709670198,0.667554471831534,85.37322723504688,False,False
0.6824154278695864,0.18774627180146133,0.1298383003289521,96.48990321469194,True,True
0.11160498431082866,0.07834764174706897,0.8100473739421022,60.078582438186615,False,False
0.24169568854748724,0.05776531378971626,0.7005389976627964,84.17480721807277,False,False
0.03211454414668363,0.9504427666971845,0.017442689156131983,65.80086228810991,False,False
0.25153442546874716,0.3059934352250425,0.44247213930621027,93.08478806424543,False,True
0.04495292052554424,0.7469273773446252,0.20811970212983058,68.4413287915951,False,False
0.47994777435134556,0.20366565720944274,0.3163865684392117,96.68532395036164,False,True
0.963323085337295,0.00034679323814048197,0.03633012142456451,95.82213076240113,False,False
0.2638807938700397,0.4468743821538537,0.28924482397610646,91.67309969322562,False,False
0.3719543478472017,0.06048205353902735,0.567563598613771,94.67599711522824,False,False
0.7364378899989742,0.15962377556275895,0.10393833443826685,96.39226328459905,True,True
0.06649755106294909,0.28217927882907096,0.6513231701079801,71.44293138527148,False,False
0.20222408226173566,0.5375692012599114,0.260206716478353,85.27327750804047,False,False
0.0725412273470905,0.5548153858544572,0.37264338679845216,73.35836785872878,False,False
0.6460989958523929,0.016617620231323422,0.3372833839162837,96.17032647653193,False,False
0.8966857851106133,0.0393638777354271,0.06395033715395969,95.92887257378173,False,True
0.1173682498649907,0.41683461333666816,0.46579713679834106,80.87442347990039,False,False
0.1920249931800083,0.41538370829791965,0.3925912985220722,86.95518128463144,False,False
0.06685881265911157,0.07461803953909471,0.8585231478017937,51.17190524387206,False,False
0.15741131133475486,0.6768302470817766,0.1657584415834685,77.55239008707152,False,False
0.29177984270096863,0.46811388019921607,0.24010627709981544,91.98226231761792,False,False
0.19268495359939122,0.6340067591809169,0.17330828721969202,80.73705089246019,False,False
0.760049087877788,0.1313694429159415,0.10858146920627033,96.14529452237512,True,True
0.4623050631238476,0.4845024176244463,0.053192519251706157,95.57826186336604,False,True
0.456687913445702,0.48252572023829055,0.06078636631600753,95.50953100750141,False,True
0.2400250609160732,0.7577717116115572,0.0022032274723697027,79.73824566581746,False,False
0.4286276503555669,0.0003375895613964999,0.5710347600830364,95.24000830443306,False,False
0.08058049805762592,0.8047904750788849,0.11462902686348904,69.57039007010152,False,False
0.33530385397585455,0.306855522042926,0.3578406239812194,95.78889322507979,False,True
0.6503259856290651,0.15613742835751537,0.1935365860134195,96.48263814639033,False,True
0.05928983481384698,0.6428683783546235,0.2978417868315294,71.11424806451355,False,False
0.20245379308223804,0.6233194842749212,0.1742267226428407,81.3190675257841,False,False
0.23773102874670987,0.5484401888652086,0.2138287823880814,86.66935035631018,False,False
0.8028437152492799,0.13854666312099476,0.05860962162972541,95.9618342673265,True,True
0.21502794747742024,0.6024973607653253,0.18247469175725442,83.04761399980714,False,False
0.7708432975295825,0.1639125337414637,0.06524416872895382,96.04091083274369,True,True
0.9122352129623549,0.08576206932954143,0.0020027177081038067,95.80834230370273,True,True
0.291036990359863,0.5574292970512471,0.15153371258888979,89.50816989636536,False,False
0.0309569667519405,0.8158231218237986,0.15321991142426084,67.34336215745044,False,False
0.326043616730891,0.4630493403565317,0.21090704291257736,93.37906107733205,False,True
0.17763684805052543,0.15764795265735407,0.6647151992921204,82.3834976602654,False,False
0.1482625493354669,0.5439034039111232,0.3078340467534098,79.79774311849212,False,False
0.03700943352661203,0.38704703888679654,0.5759435275865914,70.88877753127254,False,False
0.22983337131310297,0.4886783937858365,0.2814882349010605,88.65962740430004,False,False
0.02283440078620807,0.45653478724036767,0.5206308119734243,70.68569667340242,False,False
0.8476981683933599,0.12618815735371589,0.02611367425292439,95.9618342673265,True,True
0.20309639291171835,0.04492137927414636,0.7519822278141353,78.54477134725816,False,False
0.5286690174909412,0.38528836523398013,0.08604261727507878,96.27315448024106,True,True
0.01990242182920801,0.15776779105020375,0.8223297871205882,51.788240565748985,False,False
0.6243188271737699,0.050684859115924186,0.3249963137103059,96.26893817395155,False,False
0.21232194421657596,0.38668144365224727,0.4009966121311767,89.59687754466646,False,False
0.11897895414500714,0.6029579800552796,0.27806306579971335,76.47729760062154,False,False
0.5883632723684323,0.12435584590923061,0.2872808817223371,96.52764983159543,False,False
0.17385072894135917,0.20731931107774818,0.6188299599808926,84.12873826939847,False,False
0.003163006159175268,0.7522210254931878,0.24461596834763685,67.1212488893149,False,False
0.4770773596500986,0.06755233893800083,0.4553703014119006,96.37568765479375,False,False
0.31118073312993744,0.08987009549835259,0.5989491713717099,92.13184164292241,False,False
0.03779220088850052,0.03978193937455376,0.9224258597369457,43.60971666113595,False,False
0.2973061869283173,0.6743998650117144,0.02829394805996832,84.7562653471994,False,False
0.6126939933315174,0.14464386824097547,0.2426621384275071,96.60128220225963,False,True
0.19884213737787204,0.06500674758067321,0.7361511150414548,79.33647293697874,False,False
0.09830908525427591,0.5669293335218166,0.3347615812239075,74.43907488287464,False,False
0.1940216773218775,0.17021822246329232,0.6357601002148303,85.44957655438691,False,False
0.13856152356327928,0.5833498246074741,0.2780886518292467,77.92002252783487,False,False
0.27182976485239013,0.05720865712934318,0.6709615780182667,87.05853078359273,False,False
0.38463839556012913,0.1962837604581738,0.419077843981697,96.44227163097526,False,False
0.5106557255305492,0.0045957035856764505,0.48474857088377427,96.32807121798635,False,False
0.22728132459164732,0.21318952319586337,0.5595291522124893,90.37648470435452,False,False
0.040791169423038356,0.6552194202446987,0.303989410332263,69.75764546537651,False,False
0.20248769392181543,0.12293694712884246,0.6745753589493421,83.4133096733675,False,False
0.06403724150596564,0.7704898496970317,0.16547290879700252,69.13880720701394,False,False
0.46382026493494266,0.05349949703226829,0.48268023803278903,96.33859513922062,False,False
0.501567401664225,0.042820242132618376,0.4556123562031566,96.54212917956005,False,False
0.28819313187920076,0.007830245865592226,0.7039766222552071,85.59943786485582,False,False
0.6031974932868035,0.18669036570366568,0.21011214100953088,96.62522534696026,False,True
0.04815477510724446,0.6174169773564829,0.3344282475362727,70.76563921218766,False,False
0.5759791809918788,0.004196583315414538,0.4198242356927066,96.34337095725414,False,False
0.6459597612233886,0.23836527751269296,0.1156749612639185,96.30612899715888,True,True
0.2530809277576378,0.7017377740658645,0.045181298176497735,82.13330106751134,False,False
0.31976451362701114,0.43909686047583296,0.24113862589715593,93.82475617016411,False,True
0.6643846536894206,0.032305224269027835,0.30331012204155167,96.10377500912347,False,False
0.43092341742124046,0.46253414087689243,0.10654244170186707,95.50594705458022,False,True
0.20337845007843028,0.5113726460020309,0.2852489039195387,86.42524812963403,False,False
0.5164504017473492,0.467704985381214,0.01584461287143663,95.88094011310334,True,True
0.1881373029553566,0.7903025160998575,0.021560180944785935,76.31262840226857,False,False
0.4510132324134591,0.42401246930070313,0.12497429828583777,95.95665771909846,True,True
0.3162975977632552,0.3076427863045938,0.3760596159321509,95.44741917725636,False,True
0.15958076547020833,0.15092556836887575,0.6894936661609161,78.91614406386964,False,False
0.048013716586013847,0.500229532595119,0.45175675081886707,72.9650921793249,False,False
0.49292094306303225,0.4499832515867017,0.057095805350265934,95.89955973062847,True,True
0.6290351694886753,0.12730042853495593,0.24366440197636874,96.43895031566585,False,True
0.5684388418525989,0.20162073399681005,0.22994042415059096,96.62154502942299,False,True
0.5659247749431333,0.13683935276107956,0.2972358722957871,96.5566987965506,False,False
0.8005505837230488,0.08847957163697198,0.11096984463997935,96.06458909828235,False,True
0.184626867847804,0.32853539372819396,0.486837738424002,87.04367944465741,False,False
0.014414243921185023,0.5059559019049689,0.479629854173846,69.82921191042456,False,False
0.3654503696087334,0.06242098134595523,0.5721286490453114,94.52403951367566,False,False
0.0994383241144559,0.11089510052295987,0.7896665753625841,62.10573623420268,False,False
0.1036469230559025,0.03276205333677126,0.8635910236073263,53.51733230922308,False,False
0.39359615319301694,0.36760834890129174,0.23879549790569138,95.92058496154667,True,True
0.0570327474254083,0.049458803729778546,0.8935084488448132,46.92709036125701,False,False
0.019875043823115907,0.6409479465700296,0.33917700960685443,68.73952885150165,False,False
0.4141959210827325,0.41440601388425147,0.17139806503301586,95.6172440096551,False,True
0.4540888641866099,0.0737126962394469,0.47219843957394336,96.3281876624421,False,False
0.7286704208016348,0.2195485865587035,0.05178099263966158,96.30453219796979,True,True
0.21085197646726558,0.6297411143682957,0.1594069091644386,81.50672603931439,False,False
0.4466454799767979,0.19967464561817502,0.3536798744050271,96.50266443756375,False,True
0.05017514063905747,0.7092036322024218,0.24062122715852097,69.36527302401791,False,False
0.0950985007106007,0.5926398079346687,0.31226169135473053,73.99514500270088,False,False
0.04134068193361119,0.5721950332127895,0.3864642848535993,71.11654954573837,False,False
0.6286439417149704,0.1471027410160279,0.2242533172690016,96.50942031200933,False,True
0.4208047263003576,0.3753400723165056,0.20385520138313698,96.0458773136056,True,True
0.5646808420094266,0.03484937272075646,0.4004697852698169,96.41310594489292,False,False
0.06453420793740695,0.5947086036749181,0.340757188387675,72.0813643875998,False,False
0.48701992767422553,0.32721742649055374,0.18576264583522073,96.62299528035899,True,True
0.7318018804080071,0.14511578121087915,0.12308233838111386,96.21499229610664,True,True
0.2621228004841126,0.37656073093116266,0.36131646858472494,93.40055268752764,False,True
0.8133516525619315,0.14826775366471656,0.03838059377335189,95.97972012889662,True,True
0.035815869675928626,0.0534466103598898,0.9107375199641816,44.20766723163984,False,False
0.029335733959791693,0.20559028814997526,0.765073977890233,58.3098570441132,False,False
0.32626253587509907,0.06560965061021135,0.6081278135146896,92.28555647159878,False,False
0.07037905865409204,0.903806399470093,0.025814541875814792,67.75499197006653,False,False
0.3227431633687984,0.6023499153703823,0.07490692126081938,89.33138982049037,False,False
0.03478666664054996,0.5631319477810126,0.4020813855784376,70.63207317109638,False,False
0.11010629294173237,0.41723149697155437,0.47266221008671333,80.4507409690302,False,False
0.36014878426515734,0.5554426024764781,0.08440861325836446,91.77141245555593,False,True
0.1711939714477809,0.7321723345393116,0.09663369401290757,76.65548320006174,False,False
0.1649261065326717,0.03039843851860284,0.8046754549487254,67.19314802910301,False,False
0.032875413152690804,0.8304961510839194,0.1366284357633898,67.09411173418445,False,False
0.2087021234428692,0.7771465259979616,0.014151350559169157,77.61482937744991,False,False
0.09926141491874746,0.3533585611519184,0.5473800239293343,78.59721531243386,False,False
0.24962838834817494,0.28627921924335115,0.4640923924084739,92.88283341850897,False,True
0.035745715012180365,0.3838686787229975,0.5803856062648222,71.03224192810653,False,False
0.5060882346340879,0.26906823639937066,0.22484352896654156,96.6019551256238,True,True
0.25699047331240693,0.5894940824045153,0.15351544428307773,85.96053346099679,False,False
0.024759413992264282,0.679933096130969,0.2953074898767668,68.53238834739128,False,False
0.08923090460381647,0.02067846062879535,0.8900906347673883,49.61822620279847,False,False
0.6704270855548508,0.3136516638373268,0.01592125060782227,96.21184133779278,True,True
0.12151221933432199,0.033799974068145874,0.8446878065975322,57.55562548687174,False,False
0.04880716838727503,0.5478600226571572,0.4033328089555677,72.20343852676288,False,False
0.46615010368977966,0.45181619411095864,0.08203370219926169,95.84508110622942,True,True
0.13366650570257801,0.050677460843241755,0.8156560334541803,61.747457633808544,False,False
0.26675485434541835,0.034671322191266125,0.6985738234633155,85.39285560190405,False,False
0.03054708561209261,0.11626827077889636,0.853184643609011,48.680910560826526,False,False
0.25326976593131634,0.20376739618288262,0.5429628378858011,92.49311665590302,False,False
0.1780432631481782,0.3312917220750562,0.4906650147767656,86.71504561235328,False,False
0.5160870905041891,0.038172191932323025,0.44574071756348793,96.52444906807258,False,False
0.049501649086478215,0.5080674374109815,0.44243091350254027,72.86246124602728,False,False
0.12058589467597619,0.10908391982715983,0.7703301854968639,66.43611803899172,False,False
0.31978427144525085,0.6572587167258664,0.02295701182888276,86.80526639331099,False,False
0.587489843786445,0.22269929547878586,0.18981086073476916,96.61449145016776,True,True
0.03689235538676154,0.7142062334607134,0.24890141115252498,68.61193995238267,False,False
0.14771200381526342,0.015174678457768192,0.8371133177269683,60.458433266359116,False,False
0.5327350713440353,0.29558715802139535,0.1716777706345694,96.53494532089847,True,True
0.39033168042691363,0.4522471792413633,0.15742114033172305,94.46957325797568,False,True
0.0954802675760593,0.3860497164355167,0.5184700159884241,78.86140948989629,False,False
0.7235764879029857,0.2339958182059202,0.0424276938910942,96.25410254085328,True,True
0.8089388674753505,0.016193906935781585,0.17486722558886794,95.9688480547004,False,False
0.02553456325405174,0.6968296326755893,0.2776358040703591,68.47856784331529,False,False
0.35802258179549956,0.267106528920367,0.3748708892841334,96.03099152877645,False,True
0.08958756892828365,0.07326851006585916,0.8371439210058572,55.423660262762496,False,False
0.4625976310192377,0.47701020440473135,0.060392164576031145,95.61019769570358,False,True
0.5231420551318723,0.4620707094194044,0.014787235448723181,96.0074337921586,True,True
0.10599790105127625,0.8170283228286387,0.07697377612008517,70.3736893485211,False,False
0.26826392312050773,0.12364800182231411,0.6080880750571782,90.78403722052329,False,False
0.2427831512497866,0.2953434593355422,0.461873389414671,92.10787261857118,False,True
0.19475836851300257,0.016528904710138,0.7887127267768593,72.96050909836175,False,False
0.3919945437093502,0.21821021462565457,0.3897952416649953,96.43294223029673,False,True
0.13410441617021507,0.22762929215317462,0.6382662916766103,79.2662673872368,False,False
0.2406424152221208,0.6768840651882343,0.08247351958964491,81.90891476651852,False,False
0.535406633760583,0.4338249868354895,0.030768379403927428,96.05660191170689,True,True
0.07664814098936522,0.788198669676894,0.13515318933374082,69.6043316064911,False,False
0.050840857240093504,0.3055189929777078,0.6436401497821989,70.36132424225158,False,False
0.5957865371128274,0.30822906439344605,0.09598439849372668,96.29535950299399,True,True
0.23890457050399902,0.21707055004548018,0.5440248794505208,91.7518729058073,False,False
0.5345230836929233,0.3600689804596049,0.10540793584747185,96.30337047594755,True,True
0.6311881127021824,0.2541791088797238,0.11463277841809387,96.30612899715888,True,True
0.5273730707736486,0.10436612521150795,0.3682608040148436,96.61713928218802,False,False
0.6376170532414905,0.19421839812634922,0.1681645486321603,96.55705948345089,True,True
0.4719786261709353,0.008234506524800053,0.5197868673042645,96.10869881579866,False,False
0.3845741197510144,0.27773051237109514,0.3376953678778904,96.26066784838883,False,True
0.40855354010147954,0.4898075627344481,0.10163889716407255,94.49863162002167,False,True
0.15705407061409793,0.8166607985221541,0.02628513086374788,73.18073152572188,False,False
0.21044357799473487,0.057547054735623666,0.7320093672696415,80.10694897816425,False,False
0.10537400664229371,0.09618172547355044,0.7984442678841558,60.90307480917526,False,False
0.051130417277508396,0.17727113999577762,0.7715984427267141,59.63417351450211,False,False
0.10743849255058878,0.007944087404369199,0.8846174200450421,51.57462426334809,False,False
0.08634719654338871,0.45557830761856805,0.45807449583804316,76.40561531768967,False,False
0.4274582556423025,0.009636184090180896,0.5629055602675165,95.38660023743026,False,False
0.20550852793332647,0.759851435651685,0.03464003641498856,77.74716814151509,False,False
0.3819975023197973,0.3059192206277394,0.31208327705246325,96.01877700620246,False,True
0.2781123844630273,0.6930441713295886,0.028843444207384192,83.56528039725087,False,False
0.08944080093178351,0.08602947464511779,0.8245297244230987,56.4838871952761,False,False
0.06614500186331675,0.44713985245945187,0.4867151456772314,74.50087606725718,False,False
0.051672350805150265,0.7508405828338105,0.19748706636103913,68.81392528733042,False,False
0.4604204280338139,0.4665256335392492,0.07305393842693679,95.62377459713451,False,True
0.38747367095570423,0.05326698174529086,0.5592593472990048,95.13519012778967,False,False
0.31358907133325425,0.04935657728694791,0.6370543513797978,91.09563618042675,False,False
0.253087346849951,0.3116850303545475,0.43522762279550165,93.00686035278213,False,True
0.35533993961448707,0.15156031095211406,0.4930997494333989,95.77587909796556,False,False
0.29046593491138395,0.14087372591390937,0.5686603391747067,93.08397819475414,False,False
0.08924622502793031,0.31518986666468796,0.5955639083073817,76.28645749589194,False,False
0.7655386245158037,0.05215585760685019,0.18230551787734603,96.05019862675164,False,False
0.6525774323438374,0.223098699522692,0.12432386813347072,96.47283568993181,True,True
0.16302268476918572,0.4961632267488321,0.3408140884819822,83.23355402290375,False,False
0.7140360127531846,0.05692122622671411,0.2290427610201012,96.1585114298778,False,False
0.5856126305233584,0.09128973998305731,0.3230976294935841,96.51286441777046,False,False
0.13367416178332553,0.263512735624373,0.6028131025923014,80.67171815445492,False,False
0.09794839112080297,0.8243246146367218,0.07772699424247527,69.98805871368054,False,False
0.3795590350455604,0.569728708336751,0.05071225661768852,91.85994915235565,False,True
0.49465306675590187,0.1444299081838591,0.360917025060239,96.61269837697621,False,False
0.29182052305810935,0.33425157259002686,0.37392790435186374,94.3543300324779,False,True
0.15289498125278322,0.8467136602401238,0.00039135850709277946,72.39500923811329,False,False
0.018131147084503533,0.3215876412734788,0.6602812116420177,66.48649978172885,False,False
0.26088916376383686,0.13963924729335347,0.5994715889428097,90.87405931408391,False,False
0.17225082890260154,0.0303128750676988,0.7974362960296997,68.60388376575546,False,False
0.07144389565377257,0.6244963505709896,0.30405975377523786,72.28371409448903,False,False
0.5628312506796957,0.17567514578538812,0.26149360353491613,96.6321511115435,False,True
0.188850048600099,0.31315308675687004,0.49799686464303095,87.5461347986413,False,False
0.4433709496630185,0.4413692637473773,0.1152597865896042,95.7132036839135,True,True
0.023987351268813677,0.29793353122464705,0.6780791175065393,65.6616150789728,False,False
0.29575159989922,0.13687446102276143,0.5673739390780185,93.18242722327874,False,False
0.11664501570301646,0.2104047083519943,0.6729502759449891,75.76344647184777,False,False
0.40034495371094136,0.5087365136281683,0.0909185326608904,94.05255649443252,False,True
0.25277764977802014,0.6247297349549603,0.12249261526701952,84.31809769382988,False,False
0.8368187252486998,0.15320120986110072,0.009980064890199541,95.97972012889662,True,True
0.33474976716683486,0.5034834597229597,0.16176677311020532,92.42963667413771,False,True
0.16631513867792388,0.1306397662076806,0.7030450951143956,78.56501225462125,False,False
0.1778375640136895,0.6967115776625711,0.12545085832373948,78.39612899732596,False,False
0.09464777823427248,0.4154916582452583,0.48986056352046903,77.8221919315013,False,False
0.055967751128392695,0.4860714343209652,0.4579608145506421,73.521844477688,False,False
0.06269742180025163,0.7408609079460222,0.19644167025372616,69.59110802656664,False,False
0.3343927840962221,0.3268107617687896,0.3387964541349883,95.67683342115035,False,True
0.011349375924577708,0.3169068173611984,0.671743806714224,65.29116557642706,False,False
0.5551020970647504,0.11903238271695767,0.3258655202182919,96.54396112103981,False,False
0.4002175722021611,0.1552192555923917,0.4445631722054473,96.35705269887923,False,False
0.4012108435509464,0.16828242898821527,0.43050672746083835,96.42612245942465,False,False
0.6316166409071723,0.31071769272851896,0.05766566636430884,96.30220290796878,True,True
0.08084711809722815,0.6579023358991952,0.26125054600357667,71.83033633464498,False,False
0.22283365674729688,0.17508783056754318,0.60207851268516,89.18441319120167,False,False
0.090781921051389,0.1104430355500012,0.7987750433986098,59.9315276803811,False,False
0.7441892517353861,0.22045014388727774,0.03536060437733614,96.29602794250765,True,True
0.8225707190276635,0.0005049506760787224,0.17692433029625773,95.9688480547004,False,False
0.44886378737043936,0.34334375118267046,0.20779246144689015,96.43560595229478,True,True
0.4202974388353332,0.46715306716064275,0.11254949400402388,95.22268271915767,False,True
0.27947906324871963,0.2826061198585198,0.4379148168927604,94.38505831390393,False,True
0.2659888182489827,0.07938942301524524,0.6546217587357721,88.10682903439245,False,False
0.04758132184320752,0.27209164078409814,0.6803270373726942,68.12416996327102,False,False
0.2698419033935471,0.334036407525957,0.396121689080496,93.78606774003855,False,True
0.49244861741994367,0.3067378549995397,0.20081352758051665,96.59468423855881,True,True
0.4142066555258554,0.16085964187800317,0.4249337025961415,96.43968248971515,False,False
0.6030174065442933,0.21210040764242716,0.18488218581327967,96.54513474243849,True,True
0.7489411398704371,0.1673273459117688,0.08373151421779425,96.19982614524271,True,True
0.6683147378418929,0.17552900659768417,0.156156255560423,96.49442984118795,True,True
0.39799923133188925,0.4664770025707578,0.13552376609735298,94.31062248140934,False,True
0.2033328958777064,0.6922939508428796,0.10437315327941386,79.81279711064109,False,False
0.3142650633384149,0.20936241252586338,0.47637252413572173,95.28400387617269,False,False
0.12416068265027522,0.7924951921797511,0.08334412516997379,71.46989641703534,False,False
0.7864256313332205,0.1859193463977113,0.027655022269068224,96.0433562470232,True,True
0.47868433704277724,0.014421156600060669,0.5068945063571622,96.1659190578577,False,False
0.19841802214478405,0.7710790579923811,0.03050291986283492,77.19157560628632,False,False
0.09505584972682937,0.3588638179258172,0.5460803323473534,78.11779315726396,False,False
0.41413309923499,0.2567572954218323,0.3291096053431777,96.42724051114116,False,True
0.21258843517049927,0.018987677157675804,0.7684238876718249,77.43359680592076,False,False
0.6556181221496211,0.017479201148075794,0.32690267670230294,96.1375557897545,False,False
0.5124847958756443,0.36014213054167354,0.12737307358268218,96.25958846215083,True,True
0.264302626827938,0.6239419392047635,0.1117554339672985,85.32457191927553,False,False
0.35534063723927417,0.14104850406595099,0.503610858694775,95.62966242859106,False,False
0.16729171633148934,0.3040014879203457,0.5287067957481648,85.64481619094252,False,False
0.10816214460106832,0.2153839830069883,0.6764538723919433,74.62818679132478,False,False
0.601040669664241,0.08943195796661317,0.309527372369146,96.47631591743662,False,False
0.12211993351422074,0.1374792892917328,0.7404007771940464,70.21902214549003,False,False
0.3065607443966806,0.5508360745174415,0.1426031810858779,90.27338151718341,False,False
0.40430040193691663,0.4738648100116604,0.1218347880514229,94.54966736505611,False,True
0.2174784109690643,0.12311520758793013,0.6594063814430056,85.47081351172474,False,False
0.26755361225590435,0.04047012691860509,0.6919762608254905,85.75639291908738,False,False
0.41652468855381536,0.1961672692885458,0.38730804215763875,96.60129474232778,False,True
0.09407312451351735,0.14717433662466986,0.7587525388618128,64.66222649203675,False,False
0.08191693216091352,0.8587520666352279,0.059331001203858515,68.64628585616803,False,False
0.3866016739495452,0.39285063947769494,0.22054768657275975,95.57663805038443,False,True
0.17493976393264637,0.31998892620232444,0.5050713098650292,86.36064110305668,False,False
0.22757222455941994,0.6006101578365013,0.17181761760407882,83.91782574542644,False,False
0.35712533173601846,0.4609535274754863,0.18192114078849528,94.12170174139808,False,True
0.03766378595992108,0.34758487960088175,0.6147513344391969,70.76300404065196,False,False
0.5586569731191773,0.10677517727502146,0.33456784960580116,96.52977936789715,False,False
0.4109119605302072,0.19510449853222986,0.3939835409375629,96.51801353409931,False,True
0.7110905632035399,0.13751476503438553,0.1513946717620745,96.2371711820519,False,True
0.31090828799074594,0.18965655270507126,0.4994351593041828,94.91620093637933,False,False
0.17270255290393707,0.3277118164632927,0.4995856306327702,86.2742201339686,False,False
0.16188132333962768,0.4452381802225761,0.39288049643779616,84.29934507776639,False,False
0.45737712734153246,0.3908518558813631,0.1517710167771044,96.12288474249193,True,True
0.34558704737203466,0.0320282952508012,0.622384657377164,92.22741539742361,False,False
0.356006400660336,0.30282515958618533,0.3411684397534787,95.94199437280554,False,True
0.6633678946036742,0.11557983389926733,0.22105227149705836,96.47218273532634,False,True
0.029559596555716397,0.44429471848114566,0.5261456849631378,71.1693223104206,False,False
0.06606165718463995,0.6179385032172007,0.31599983959815936,72.01753785556127,False,False
0.7019128465742795,0.04597979285494991,0.2521073605707707,96.13407716554806,False,False
0.334510669571396,0.5672777304639642,0.09821159996463973,90.60377935043687,False,False
0.10953333595379336,0.07379761586849212,0.8166690481777146,59.22882084638898,False,False
0.43999881422562453,0.18786090469958375,0.37214028107479175,96.48508769470473,False,True
0.31748559212920757,0.2305313363716979,0.4519830714990945,95.28027394862774,False,True
0.08036727538312112,0.12741066250740585,0.792222062109473,59.71614247202338,False,False
0.7198798331921223,0.1808199052636902,0.09930026154418724,96.23011665256959,True,True
0.23760048878315562,0.6983054751699341,0.06409403604691023,81.18879979249027,False,False
0.45302512937148237,0.006654877794797663,0.5403199928337199,95.78649463329555,False,False
0.018289954931953147,0.42850484545137146,0.5532051996166754,69.98427971197174,False,False
0.029570494857372995,0.825227453324566,0.14520205181806112,67.12896551970265,False,False
0.006351143566905422,0.8448987196392753,0.14875013679381932,66.03467391229054,False,False
0.7128597560089118,0.1809294281405338,0.10621081585055422,96.41404672204152,True,True
0.33928582490037795,0.06771837378079842,0.5929958013188236,93.25532322087278,False,False
0.5180141823305505,0.07368791849667905,0.4082978991727706,96.57576369357072,False,False
0.2698733066935138,0.7060106733254162,0.024116019981069974,82.85813621538246,False,False
0.22151799423822824,0.528694560360709,0.24978744540106276,86.4228468041653,False,False
0.24581816561569966,0.041175669463560674,0.7130061649207396,83.59981552859249,False,False
0.2569829370910047,0.13664546260941374,0.6063716002995815,90.36496225085531,False,False
0.6110001782503125,0.06310953411823625,0.32589028763145117,96.27328752767777,False,False
0.14342446879593115,0.4164131045871864,0.4401624266168824,82.58973216108552,False,False
0.21727347587946244,0.540407795986528,0.2423187281340097,85.81441904088948,False,False
0.6793976007560341,0.24541502227209186,0.07518737697187404,96.2889056204599,True,True
0.3600184277864483,0.29421548506717615,0.3457660871463756,95.97181476692565,False,True
0.3979956397692897,0.5281523261275084,0.07385203410320215,93.4955630973289,False,True
0.5467097518032384,0.09422104670244222,0.35906920149431937,96.53056473165694,False,False
0.41053708673809836,0.16855489162776688,0.4209080216341347,96.42784635736523,False,False
0.6235934503206233,0.31915653012550416,0.05725001955387265,96.27818216950016,True,True
0.12453978985634225,0.6192232076179777,0.25623700252568,76.27720652093353,False,False
0.14230380242708585,0.6988681536404527,0.1588280439324614,74.77733119713862,False,False
0.518198317966638,0.17469156338371652,0.3071101186496455,96.64294689199518,False,True
0.21538078179666742,0.6614875072189591,0.12313171098437357,81.090842777229,False,False
0.20690424646863043,0.7175175169051831,0.07557823662618653,79.14688592830058,False,False
0.1027089061981272,0.25839350348814777,0.638897590313725,76.37924537657891,False,False
0.09876405582128113,0.645095856508965,0.25614008766975405,73.11182592116424,False,False
0.5907465715220669,0.29415335928244385,0.11510006919548922,96.38924329391944,True,True
0.4362061876307811,0.010584890783790908,0.5532089215854279,95.5899572477501,False,False
0.13368436016945545,0.5444579319001537,0.3218577079303911,78.44201419313703,False,False
0.139162149236123,0.8535451454118779,0.007292705351999128,70.96766826880507,False,False
0.4436893365832912,0.32785857833218507,0.22845208508452391,96.42722274587015,True,True
0.34781382668126676,0.3475865932977883,0.304599580020945,95.58484322045999,True,True
0.24202051289263793,0.07165872080779394,0.6863207662995682,85.30222282210632,False,False
0.02336086286051998,0.9506875099636375,0.025951627175842446,65.4966470145698,False,False
0.3232758876201886,0.508128067149865,0.16859604522994623,92.04672160110738,False,True
0.25110056109966783,0.2246541486080646,0.5242452902922674,92.71407608291223,False,False
0.3198145507033917,0.4197914787450804,0.2603939705515278,94.24087578566298,False,True
0.8338267128151394,0.047764385719596306,0.11840890146526431,95.99257273399158,False,False
0.6650494937177368,0.3175802087170351,0.01737029756522812,96.21184133779278,True,True
0.5719817722622462,0.4157253598094678,0.012292867928286011,96.00508099912877,True,True
0.34359160468376276,0.12521437207545924,0.5311940232407779,94.99494104821291,False,False
0.04810238609753146,0.6051694880430161,0.3467281258594525,70.9775098145251,False,False
0.021786974915641345,0.754124172103665,0.22408885298069375,67.62377229394419,False,False
0.17424912827389785,0.5950340763574,0.2307167953687021,80.58581321128742,False,False
0.4733519264182282,0.2805362613213092,0.24611181226046247,96.66123927465004,True,True
0.6280070346826293,0.01896286312995569,0.35303010218741504,96.17900922653075,False,False
0.6257924416783889,0.028065228894466478,0.34614232942714473,96.23427798059862,False,False
0.10608558399550788,0.8272951230171021,0.0666192929873899,70.19606503332344,False,False
0.09126014482064068,0.16682253004979467,0.7419173251295647,66.43393289526787,False,False
0.13450892277384274,0.6533187588260495,0.21217231840010783,76.05072066712583,False,False
0.5880507412960968,0.3807676723907947,0.031181586313108578,96.19955833429806,True,True
0.6115582692910935,0.12160568948419904,0.26683604122470733,96.50582492765535,False,False
0.22610625045234437,0.05688865692232293,0.7170050926253327,82.00680488704413,False,False
0.27692049491100673,0.3528255099743761,0.3702539951146171,93.78489902594431,False,True
0.25683031016753427,0.22765925330788453,0.5155104365245813,93.0320899991225,False,False
0.5554398605819009,0.3870883425544137,0.057471796863685455,96.13111503625348,True,True
0.3955091897757026,0.22008372609467805,0.3844070841296193,96.49167790297231,False,True
0.1482309487805606,0.7718079437613354,0.07996110745810386,73.67403073485778,False,False
0.723127965492934,0.2746602602273379,0.0022117742797279406,96.25818680952311,True,True
0.5157768979190942,0.43913984278044793,0.04508325930045784,96.02628770468336,True,True
0.11402575354469471,0.4450259668105846,0.4409482796447208,79.54504137031947,False,False
0.8136311364147129,0.04665941521002129,0.13970944837526572,96.0517020001514,False,False
0.15092574253300683,0.8199804100202481,0.029093847446745005,72.91907166954945,False,False
0.11071156959809868,0.7563305616121238,0.13295786878977747,71.61129906529636,False,False
0.33846360586700386,0.029616113071000025,0.631920281061996,91.80877629502345,False,False
0.46267182962734993,0.528394777288969,0.008933393083681107,94.56390052225397,False,True
0.21373176009779962,0.09702237307982886,0.6892458668223717,83.34805109798806,False,False
0.058625025426143215,0.8506870513905352,0.09068792318332149,68.13268890258226,False,False
0.4806428405892976,0.18538525597915861,0.3339719034315437,96.65546379708731,False,True
0.08213378350005579,0.6133418048953121,0.3045244116046323,72.92299834329451,False,False
0.011402415880803079,0.9772582685956004,0.011339315523596457,64.70489796734516,False,False
0.07482394581027935,0.7500132484818617,0.17516280570785892,69.9985690030186,False,False
0.4733327406259026,0.5183184716472797,0.008348787726817736,95.20443415514991,False,True
0.5732566532753385,0.10134061449782432,0.3254027322268373,96.5638340948777,False,False
0.20659827641701406,0.1821610641359785,0.6112406594470075,87.06009162328479,False,False
0.7611249287580072,0.232081666392905,0.0067934048490878975,96.30011411475103,True,True
0.3807012101298888,0.18828206895486832,0.431016720915243,96.46240871057897,False,False
0.6279876364649092,0.31543676365688866,0.056575599878202286,96.27818216950016,True,True
0.010754633079515952,0.7226740728718787,0.26657129404860536,67.58087634432492,False,False
0.370324917227032,0.4480749261839559,0.1816001565890121,94.32885867569951,False,True
0.4928417107694855,0.17688332701603546,0.330274962214479,96.64101633631677,False,True
0.20417655344484492,0.540837561221322,0.25498588533383315,85.18112318861894,False,False
0.07093077061327135,0.12326775847864374,0.8058014709080848,56.95181654900827,False,False
0.13812811939669042,0.7673086998343089,0.09456318076900071,73.38149892599439,False,False
0.06333848361911898,0.7393811811221072,0.19728033525877384,69.70993288362853,False,False
0.43073412575041836,0.26013649323227905,0.30912938101730253,96.3702839842414,False,True
0.5551273954676421,0.24007157506507223,0.2048010294672856,96.56483950251358,True,True
0.6023084901208866,0.15399031660255885,0.24370119327655457,96.6208174349282,False,True
0.9031086733368998,0.009063699310960417,0.08782762735213971,95.9194625532987,False,False
0.16763229868265594,0.47254635327777395,0.35982134803957017,84.48003125687367,False,False
0.659681030676015,0.09945013099366656,0.24086883833031839,96.27949580985472,False,False
0.5084286296284591,0.35599380852413726,0.1355775618474036,96.25958846215083,True,True
0.09203850059095434,0.8895204100939337,0.018441089315112038,68.63987716297811,False,False
0.2910282252945054,0.4699614249560422,0.2390103497494523,91.89649465865098,False,False
0.18610010505993113,0.38764688697448824,0.42625300796558047,86.83211067624481,False,False
0.14756211162057514,0.7056705811675772,0.14676730721184755,75.65535435437528,False,False
0.675963561876311,0.2770273597778052,0.047009078345883755,96.29302761116568,True,True
0.7323630642789463,0.23281171533204964,0.034825220389004145,96.25979209122025,True,True
0.5442141387677237,0.3748818568987887,0.08090400433348759,96.23438445534869,True,True
0.15766234886364372,0.7218862907558747,0.12045136038048165,75.92708273450663,False,False
0.29420184478676636,0.5509058074940074,0.15489234771922622,89.70617688328821,False,False
0.4959580693307214,0.302244387643914,0.20179754302536468,96.54903910008291,True,True
0.17605418473740164,0.4752007092938519,0.3487451059687465,85.01211617451555,False,False
0.41937292386591324,0.26993003151738904,0.31069704461669767,96.3702839842414,False,True
0.8282397871031926,0.02294627448492826,0.14881393841187907,95.9688480547004,False,False
0.4829491515844568,0.26921178709678145,0.24783906131876174,96.66087009100234,True,True
0.3892394014794792,0.1591211720751224,0.4516394264453984,96.27755620095165,False,False
0.04905847571202045,0.9323407693986457,0.018600754889333958,66.60215202968715,False,False
0.09254789318817032,0.8300110769784065,0.07744102983342327,69.47785649389799,False,False
0.6797908515084614,0.2972885364759292,0.022920612015609573,96.25077481785223,True,True
0.013853550053200752,0.38558088842296,0.6005655615238393,68.06169649454661,False,False
0.32612475862367996,0.18277708683042665,0.4910981545458933,95.19780755395189,False,False
0.8940878366475736,0.0178556558856889,0.08805650746673747,95.94331421341501,False,False
0.6606714344624615,0.29739411876881605,0.04193444676872252,96.25407497632786,True,True
0.01765398756288703,0.4394746331732407,0.5428713792638724,69.99693406089513,False,False
0.4621270615400076,0.4826688122330004,0.05520412622699196,95.57826186336604,False,True
0.15892790898535186,0.18961335403872465,0.6514587369759236,81.13615375524486,False,False
0.14950323245176983,0.33858470237698685,0.5119120651712433,84.24464340257015,False,False
0.0887891169676841,0.7436919641408261,0.1675189188914901,70.76277194210135,False,False
0.17037117278607997,0.7804295602589663,0.04919926695495391,75.2106937797987,False,False
0.4750198563078768,0.21616954269674868,0.3088106009953745,96.70292884051588,False,True
0.22604396947972508,0.4495427406593645,0.32441328986091045,89.34843933415448,False,False
0.4038830672776234,0.34006397907447744,0.2560529536478991,96.18532211487708,True,True
0.6297854377537268,0.02034326104217007,0.34987130120410304,96.17900922653075,False,False
0.18861348003892967,0.0564472494414512,0.7549392705196192,76.57499478206961,False,False
0.4483186342554104,0.45686357916392556,0.09481778658066391,95.60274593678162,False,True
0.3052470008354409,0.41728606134652635,0.2774669378180328,94.10256109848274,False,True
0.39088722907469986,0.38457726121050584,0.22453550971479427,95.66118859540275,True,True
0.41611497749876514,0.41641477053635734,0.16747025196487747,95.64890496488403,False,True
0.3262253477690279,0.5402622510560937,0.13351240117487848,91.1127210376641,False,False
0.09933443110629786,0.6538604605998029,0.24680510829389932,72.98527335642807,False,False
0.4500289184480636,0.08427980825723934,0.465691273294697,96.3499034388337,False,False
0.09076037311657173,0.21294477226326328,0.696294854620165,70.62270229696294,False,False
0.2826925135561786,0.39155998504952605,0.32574750139429526,93.77167640476716,False,True
0.5242933441919106,0.2140180969549566,0.26168855885313264,96.56772891353657,False,True
0.5278353034946671,0.45760516201124873,0.014559534494084142,96.02653359013136,True,True
0.12509807415972835,0.8599538437175507,0.014948082122720967,70.3576314716486,False,False
0.11209169821342085,0.45838656307392994,0.4295217387126492,79.00546826548631,False,False
0.2629021324020649,0.24210226272252391,0.49499560487541133,93.40819721511534,False,False
0.35870429830701767,0.45247647478323977,0.1888192269097426,94.1754997476145,False,True
0.07362857418284714,0.36931560342847874,0.557055822388674,75.76725254517491,False,False
0.7568589937017028,0.15009897666538924,0.09304202963290797,96.22437108779232,True,True
0.8142381653025718,0.017219971441688343,0.16854186325574,95.9688480547004,False,False
0.28771610186270286,0.10609280581303551,0.6061910923242616,91.24821067482752,False,False
0.17945570488805387,0.7084023266709591,0.11214196844098684,77.98191722704965,False,False
0.07611835746784076,0.7021969867611868,0.22168465577097232,70.98439867341824,False,False
0.646530227739536,0.2970057760126015,0.056463996247862566,96.25407497632786,True,True
0.19584793299437847,0.6075917302269913,0.19656033677862994,81.35375248161462,False,False
0.022826148498559726,0.9002426600399593,0.07693119146148089,65.75087999931159,False,False
0.5935883232817811,0.023215320757987205,0.38319635596023166,96.4169985575947,False,False
0.09085976396776388,0.19465847721341434,0.7144817588188217,69.31192504152884,False,False
0.21474975207434657,0.614895913019661,0.1703543349059925,82.33829928854843,False,False
0.47738259113083337,0.05927803048681443,0.4633393783823523,96.37568765479375,False,False
0.943100113878782,0.03308663983634872,0.02381324628486939,95.77544972114592,True,True
0.29473449932428564,0.11865897236120856,0.586606528314506,92.17590415420739,False,False
0.7383359398045016,0.11784424134981514,0.14381981884568323,96.17593963117048,False,True
0.06812199707608876,0.7293628118392683,0.20251519108464283,70.02272274541673,False,False
0.4904867747678086,0.4474304741238485,0.062082751108342785,95.89955973062847,True,True
0.7442684130439949,0.12304256157587012,0.13268902538013486,96.14529452237512,False,True
0.592883035006109,0.0351790928249296,0.37193787216896146,96.34458391725238,False,False
0.6909925465133089,0.06536287801384806,0.24364457547284316,96.22752150711341,False,False
0.5330271007575366,0.2998993626668766,0.1670735365755868,96.53494532089847,True,True
0.15567490961477976,0.5743613524657454,0.26996373791947487,79.52801435009704,False,False
0.1690973433998996,0.29819610625063686,0.5327065503494637,85.7696808112113,False,False
0.6098520217090245,0.21788755342299476,0.17226042486798082,96.51231937670133,True,True
0.7839792878978854,0.06928436055172733,0.14673635155038736,96.0324710436012,False,False
0.22982109158521136,0.36645467843633484,0.4037242299784538,90.77893277746136,False,False
0.7591729338336176,0.04770528075894021,0.1931217854074421,96.02779729055324,False,False
0.5648051535551148,0.23618122467060484,0.19901362177428042,96.54181250273184,True,True
0.12243207933791775,0.13487811356244583,0.7426898070996365,70.0382964336987,False,False
0.19557001647576222,0.3595164194596001,0.4449135640646375,88.45527972584135,False,False
0.23933825566842123,0.14321249515544035,0.6174492491761384,89.28415632397787,False,False
0.7065377597429111,0.2644167747079821,0.029045465549106645,96.25818680952311,True,True
0.3391669721510459,0.23481366652752966,0.4260193613214243,95.67776056713593,False,True
0.24832047003842805,0.31621135721500054,0.4354681727465715,92.72937554407373,False,True
0.318070929969346,0.3021476363538438,0.37978143367681017,95.51968939444433,False,True
0.3267382806388256,0.11538236704847475,0.5578793523126998,94.34077804642487,False,False
0.5498237088062167,0.05904076365573546,0.39113552753804776,96.54388706622929,False,False
0.4833934112235483,0.42460919501192323,0.09199739376452845,96.06476118198675,True,True
0.13275780361262826,0.08282834465471736,0.7844138517326543,65.70146788035179,False,False
0.40612336805281246,0.1892289957914467,0.4046476361557409,96.51801353409931,False,False
0.20173096748199967,0.029070913075262723,0.7691981194427375,76.51295318874143,False,False
0.35639246923355555,0.15730154118233175,0.48630598958411264,95.78874528899742,False,False
0.5007198793842834,0.368527894346219,0.1307522262694975,96.20492257698552,True,True
0.03394377779867147,0.7246873526905474,0.24136886951078124,68.33837800074367,False,False
0.12622139015895886,0.6829335033936271,0.19084510644741398,74.43810521574721,False,False
0.2464057321440174,0.47345823206965143,0.2801360357863312,90.04060915881458,False,False
0.07267202902636495,0.8618158989057919,0.06551207206784311,68.43137207816977,False,False
0.6891890382400193,0.30956057817255467,0.001250383587425918,96.17093763444008,True,True
0.1907587498370306,0.0940190306912442,0.7152222194717253,80.03074168970703,False,False
0.3134213298575119,0.24045363784359697,0.44612503229889117,95.26112394657557,False,True
0.41799415498622855,0.07774596730974885,0.5042598777040225,95.99889487611134,False,False
0.2606329709785381,0.18349031680930006,0.555876712212162,92.37226726133582,False,False
0.7861650699373234,0.08561264102770612,0.1282222890349705,96.08673576475526,False,True
0.2751409805874232,0.3717374106224688,0.35312160879010795,93.75589950127467,False,True
0.08589857027101332,0.0004043708146381789,0.9136970589143485,47.76323800505223,False,False
0.1088613663243844,0.2852827653958741,0.6058558682797416,78.34583036582396,False,False
0.057880484305772466,0.6257622701031726,0.3163572455910548,71.18556513286747,False,False
0.15240461044301057,0.03644241473842635,0.811152974818563,64.9910023819606,False,False
0.271771319214001,0.6131653584217528,0.11506332236424617,85.8578191416004,False,False
0.364342197537198,0.3431762988647335,0.2924815035980684,95.90708396547792,True,True
0.7708066107643662,0.22867548364263965,0.0005179055929942412,96.30011411475103,True,True
0.6363642495693853,0.07812717474315542,0.28550857568745935,96.31516775443703,False,False
0.40972835125517704,0.3911965438903714,0.19907510485445148,95.63243377716923,True,True
0.495525301026673,0.3041905098533795,0.20028418911994755,96.54903910008291,True,True
0.5809952099781519,0.21266828269683768,0.20633650732501044,96.57695063260866,True,True
0.2477713363953586,0.5196381877548439,0.2325904758497974,88.33633664283558,False,False
0.4957558150332003,0.21627391625581122,0.2879702687109886,96.68196063200482,False,True
0.8316282294840943,0.027467445369188208,0.14090432514671739,95.99420798965978,False,False
0.5157455577488902,0.08101743015809135,0.40323701209301854,96.54388706622929,False,False
0.7810063119846975,0.12599434274674612,0.09299934526855645,96.14529452237512,True,True
0.7049354042313212,0.26664023160254313,0.028424364166135623,96.25818680952311,True,True
0.21459092274187144,0.19607010656996915,0.5893389706881594,88.74331481469898,False,False
0.7056232225417898,0.14051389870403672,0.1538628787541733,96.42884092505368,False,True
0.13179636393933847,0.07924475610295473,0.7889588799577067,65.1668042822476,False,False
0.09034718226910322,0.7869280722475022,0.12272474548339471,70.02579665135552,False,False
0.9189589848651095,0.05302584211819548,0.028015173016694993,95.74570308626443,True,True
0.5905910378556188,0.19805150868237104,0.2113574534620102,96.57695063260866,False,True
0.7258705870158739,0.20807223690832752,0.06605717607579852,96.27686315800973,True,True
0.359620002366619,0.0941978849837016,0.5461821126496793,94.9717275735221,False,False
0.4435002831587706,0.1034126038844455,0.4530871129567839,96.40798645518018,False,False
0.11265125430059353,0.6376149949652712,0.24973375073413528,74.37299732564757,False,False
0.49289507411346756,0.3997354828183128,0.10736944306821959,96.12288474249193,True,True
0.8060311295528068,0.06255426765609766,0.13141460279109551,96.0324710436012,False,False
0.02208167154357405,0.8492645834375486,0.12865374501887736,66.58408629035752,False,False
0.628225670293577,0.19542822442641777,0.17634610528000522,96.55705948345089,True,True
0.012385345341069796,0.3448115150847354,0.6428031395741949,66.50734882856948,False,False
0.21195394764710776,0.24172314686245353,0.5463229054904385,89.73834857350487,False,False
0.16887341391888805,0.6237946947103545,0.2073318913707574,79.9008567187364,False,False
0.5623310060377622,0.3426698008878094,0.09499919307442838,96.32680490502622,True,True
0.14826938168251738,0.38509603412487986,0.46663458419260284,83.37684111170269,False,False
0.40635993879078364,0.0072644957293072744,0.5863755654799091,94.63657680302416,False,False
0.49601402133122663,0.04455595013257691,0.4594300285361965,96.54212917956005,False,False
0.2789862267249234,0.22762311837360596,0.49339065490147066,94.13370734460445,False,False
0.5724796756213385,0.20033280258530772,0.22718752179335372,96.62154502942299,False,True
0.2042587422843677,0.7181941958962959,0.07754706181933639,78.98122148051006,False,False
0.12735987825751643,0.5246701597660766,0.347969961976407,78.37487492240875,False,False
0.15790890839822422,0.5029130327084431,0.3391780588933328,82.75728976689348,False,False
0.03413947208233456,0.6877425552439251,0.2781179726737403,68.80322753503106,False,False
0.03208719834819701,0.38160602466929394,0.586306776982509,70.14531328504015,False,False
0.5761149773992503,0.29886051673799546,0.1250245058627543,96.30944780455333,True,True
0.39244473554469894,0.25061295377003356,0.3569423106852673,96.3098375661671,False,True
0.5099089619648997,0.12273500224283235,0.36735603579226805,96.6448033849785,False,False
0.535730524772339,0.25747619376540887,0.20679328146225218,96.62557682164079,True,True
0.1728696856264523,0.6752099326493526,0.15192038172419517,78.80883031095291,False,False
0.7125135300381967,0.05333402392484443,0.2341524460369588,96.14077074180524,False,False
0.042811995446486506,0.3183339491354167,0.6388540554180967,69.85288561029186,False,False
0.1514776266857521,0.5671391966477174,0.2813831766665306,79.10356561871144,False,False
0.0009165244118709782,0.07480360096598987,0.9242798746221391,41.066385940454346,False,False
0.6359100987493101,0.1534942131514804,0.21059568809920942,96.51168429692325,False,True
0.25551095214762776,0.3103064340709001,0.43418261378147216,93.20585544481258,False,True
0.39404385278530074,0.2603481070729557,0.34560804014174357,96.32733785867406,False,True
0.387427107602338,0.04933532710962095,0.5632375652880409,94.9941031048391,False,False
0.14742846618996375,0.017319138286758393,0.8352523955232778,60.59639160769413,False,False
0.3325330285046595,0.5185288909945871,0.14893808050075336,91.89486115948252,False,True
0.14613810774191788,0.5722224230708333,0.28163946918724897,78.70274570251549,False,False
0.2883761210130589,0.3869342311722213,0.3246896478147199,94.05870504947323,False,True
0.0006786563011498137,0.25572552720031444,0.7435958164985358,57.634885182707826,False,False
0.011510046644319082,0.4603048337421227,0.5281851196135582,69.57528638696068,False,False
0.01253975479175779,0.2619524422220818,0.7255078029861602,60.4098710400539,False,False
0.9011445925722626,0.06482716367160989,0.03402824375612746,95.74570308626443,True,True
0.28301569131263077,0.7110531746739999,0.0059311340133692035,83.41828157253727,False,False
0.3874619162627728,0.1996434402646417,0.4128946434725855,96.44227163097526,False,False
0.6117518677394193,0.02566357144066376,0.36258456081991697,96.27724710581879,False,False
0.41043634010010965,0.03257155310508293,0.5569921067948075,95.3431599799818,False,False
0.026608243162393096,0.7645889405609086,0.2088028162766982,67.72971620995504,False,False
0.4026125118764737,0.3245530962598282,0.2728343918636982,96.12778980137739,True,True
0.6099223583061469,0.19534997744045496,0.194727664253398,96.54513474243849,True,True
0.5404397635288314,0.09413562464034807,0.36542461183082064,96.56772434827504,False,False
0.4073839183228005,0.4372329750256888,0.1553831066515107,95.03308795616407,False,True
0.039953738306541746,0.19097102417338777,0.7690752375200706,58.66378342587405,False,False
0.18099984361140858,0.06510963256605054,0.7538905238225408,75.68183991577676,False,False
0.16940910367258208,0.7144197641270703,0.11617113220034772,77.05055261195604,False,False
0.08475885394534075,0.1599222688120562,0.755318877242603,64.56098828474434,False,False
0.25990725479649257,0.05582227718787569,0.6842704680156317,86.04160501207313,False,False
0.13317205780029318,0.8452839998548219,0.021543942344884787,70.80123914675679,False,False
0.561974471424372,0.017725632713777167,0.4202998958618509,96.39070904549372,False,False
0.1334427240738827,0.7049701159588573,0.16158715996726003,74.44426599959186,False,False
0.7546846799296465,0.22364262208191069,0.02167269798844297,96.29602794250765,True,True
0.06945847613035212,0.16092082158270427,0.7696207022869436,61.89904721277287,False,False
0.08181763103489448,0.587891227452061,0.3302911415130445,73.38450885219312,False,False
0.6415401881592723,0.26141324125785687,0.09704657058287097,96.3110473388604,True,True
0.12523048535038095,0.2777387531627172,0.5970307614869017,79.90939639476532,False,False
0.2775364666039833,0.7202767299286682,0.0021868034673484505,82.85604796359681,False,False
0.08692873176652886,0.6364880057119032,0.276583262521568,72.64933564852412,False,False
0.35763695311634913,0.14469567241830325,0.4976673744653475,95.76876300181853,False,False
0.344063683302357,0.6247763977681651,0.031159918929478017,89.35461140121437,False,False
0.2627657187387211,0.08834619225574075,0.6488880890055382,88.33238772029027,False,False
0.0915219428434757,0.3208793107131467,0.5875987464433777,76.71149692731115,False,False
0.4188473344499818,0.5527600054393143,0.02839266011070391,93.42121706942437,False,True
0.4492005371573678,0.2755425889402114,0.2752568739024209,96.57229527317335,True,True
0.36718066854126585,0.5126581153189488,0.12016121613978531,92.88696811264501,False,True
0.4556728729314513,0.4978395842002844,0.04648754286826425,95.31059576269948,False,True
0.43226929182066864,0.22762942114967613,0.3401012870296553,96.59798494373936,False,True
0.637762665632041,0.3116683923768165,0.05056894199114248,96.30220290796878,True,True
0.27587979838614307,0.5837335974108684,0.14038660420298862,87.39939328065029,False,False
0.34495352596525475,0.601931133906553,0.053115340128192176,89.86109805398335,False,False
0.14035474860164893,0.46686556970424614,0.392779681694105,81.41088054637274,False,False
0.7118831157136686,0.18789839966129038,0.10021848462504102,96.2591628031025,True,True
0.2993519243425789,0.6120091422917444,0.08863893336567669,87.72164565960259,False,False
0.1126815803419447,0.0973985177529162,0.7899199019051392,63.37216677782247,False,False
0.4472716112045718,0.35447531855025227,0.1982530702451761,96.392065425264,True,True
0.3631717509708327,0.021871921567698262,0.6149563274614689,93.07904773953362,False,False
0.8875431404653408,0.09126529558870244,0.02119156394595672,95.84329188671386,True,True
0.06884658223120327,0.5828458166585001,0.3483076011102967,72.80090522135743,False,False
0.26640453038560324,0.3348325215856721,0.3987629480287246,93.6240621599436,False,True
0.17523311519730425,0.2768037154740363,0.5479631693286594,86.03945946028513,False,True
0.08079774738898814,0.6585217313707618,0.26068052124025004,71.80487743237963,False,False
0.6187279354051656,0.31253624490423915,0.06873581969059533,96.29535950299399,True,True
0.2407126554313099,0.272194087600309,0.487093256968381,92.46629622617832,False,True
0.2745736002291406,0.3367132036110948,0.3887131961597645,93.90690977205239,False,True
0.4167561210942304,0.20090675451921533,0.3823371243865542,96.60129474232778,False,True
0.06293065882990997,0.05906161111693451,0.8780077300531554,48.90614405761723,False,False
0.14851289764684028,0.42700861005419943,0.42447849229896023,83.05911680566076,False,False
0.16513874817432822,0.7736721365703069,0.061189115255364974,74.23509317824129,False,False
0.04220820590997529,0.4716855950528743,0.48610619903715035,72.5557188150361,False,False
0.28755580224785726,0.04791001011405787,0.6645341876380849,88.88917718682356,False,False
0.6254949442242971,0.017026294161975722,0.3574787616137272,96.20792952714994,False,False
0.11769700391415064,0.42701235224862477,0.4552906438372247,80.903409941626,False,False
0.658775418388321,0.21598016781611815,0.1252444137955609,96.47283568993181,True,True
0.17822271568614503,0.2595656066197206,0.5622116776941343,86.15975669201788,False,False
0.5147481504273691,0.0142088935258921,0.4710429560467388,96.32807121798635,False,False
0.3891916828403134,0.5941017283037843,0.016706588855902194,91.4655498122782,False,True
0.8629775987120254,0.12534371834808594,0.011678682939888652,95.9618342673265,True,True
0.3551418807875839,0.5463370104075518,0.09852110880486432,91.78791470333643,False,True
0.15884249459578312,0.25901664983577616,0.5821408555684408,84.06737000262844,False,False
0.3726528855954796,0.12063019872182788,0.5067169156826926,95.74825607975593,False,False
0.11424846479586104,0.28721421266608127,0.5985373225380575,79.09901985820498,False,False
0.13435600231988526,0.5926552690441182,0.27298872863599644,77.37392124941653,False,False
0.18242523059253743,0.33990201904187095,0.47767275036559165,86.92739898548497,False,False
0.8884322786479877,0.0866526879054811,0.02491503344653135,95.80834230370273,True,True
0.6432020188648562,0.04456909143899642,0.3122288896961473,96.18996634865944,False,False
0.033810251611029234,0.8332026059495256,0.13298714243944537,67.15678094739125,False,False
0.49183751483870336,0.1411749297836107,0.3669875553776859,96.64729672354889,False,False
0.010307865496136456,0.1786447611769758,0.8110473733268876,51.904101199152066,False,False
0.19587511298173893,0.2570877173172702,0.5470371697009909,88.03669206834248,False,False
0.352071784970417,0.07251385633692453,0.5754143586926583,94.25777207765424,False,False
0.29273671380729793,0.2405034978845094,0.46675978830819265,94.91782409521173,False,True
0.5862417437463736,0.36775094371856304,0.04600731253506335,96.18984086057813,True,True
0.4576201288900657,0.32801972831521287,0.21436014279472138,96.45142339013329,True,True
0.1383311033446964,0.6462064859420589,0.21546241071324465,76.32511661055347,False,False
0.0008791256578998388,0.7874303213874727,0.21169055295462738,66.65707179403671,False,False
0.4692959391314953,0.4968562156510867,0.033847845217417974,95.47555203676835,False,True
0.6814160326306835,0.1809822513661166,0.13760171600319987,96.47220285978474,True,True
0.5053090866937349,0.22755406470819672,0.2671368485980683,96.63408496764862,False,True
0.24440914388588267,0.1647395238441895,0.590851332269928,90.32858785886584,False,False
0.3401104321455384,0.5158158956606809,0.1440736721937807,92.06091411741461,False,True
0.29003563197728705,0.29805711677269325,0.41190725125001965,94.6697572842231,False,True
0.31474969489881693,0.06114096978352124,0.6241093353176619,91.46535112279379,False,False
0.009706773448504456,0.9637997707360234,0.026493455815472168,64.73440540018049,False,False
0.2492213251706197,0.5981330706626375,0.15264560416674286,85.17215716069964,False,False
0.5313421167732908,0.4137576548213368,0.05490022840537251,96.15035974924815,True,True
0.5492166313159844,0.2606562344993573,0.19012713418465815,96.60949821151206,True,True
0.21091337238846822,0.4084739730978358,0.3806126545136959,88.82404490598378,False,False
0.40810581892784575,0.28552000738672484,0.3063741736854294,96.30886934045742,False,True
0.39719617622417674,0.237140121042886,0.36566370273293725,96.36778524777839,False,True
0.06141504181067474,0.8077788759745588,0.1308060822147666,68.6311278490206,False,False
0.11194277739425774,0.6836954838382385,0.20436173876750385,73.3387738553685,False,False
0.5814664047788337,0.040252674643906576,0.3782809205772596,96.38118840916657,False,False
0.11124013524652095,0.428014421158084,0.46074544359539493,79.90575705242917,False,False
0.12588655189484738,0.1429993617651859,0.7311140863399668,71.78483451716697,False,False
0.524054679397242,0.3206097145233326,0.1553356060794255,96.30104939325321,True,True
0.1271245387045756,0.12383698710965306,0.7490384741857713,70.19399980131207,False,False
0.02888618386530813,0.31991154442943875,0.6512022717052531,68.54431401886526,False,False
0.057504276449592155,0.8858051306587384,0.05669059289166961,67.65933711257186,False,False
0.08906623572465758,0.82649132936755,0.08444243490779252,69.353026038468,False,False
0.14615092737757965,0.3919016254579803,0.4619474471644401,83.2744977288286,False,False
0.5568968804078736,0.34872953622630404,0.09437358336582241,96.27477766497505,True,True
0.11599409572135569,0.0250931848112575,0.8589127194673869,55.00361948556729,False,False
0.6122866126378669,0.34930194207074194,0.038411445291391,96.25267909372943,True,True
0.2980653354789391,0.5538092327480654,0.14812543177299548,89.65416410265196,False,False
0.13821357270480605,0.3112535311075455,0.5505328961876486,82.84345501097887,False,False
0.5005043760440248,0.4780217854155636,0.021473838540411565,95.80218572349754,True,True
0.38698815096180744,0.14821609163175495,0.46479575740643764,96.0933667112703,False,False
0.02131435475836192,0.035348116023825885,0.9433375292178121,40.64786838267871,False,False
0.2535743478114627,0.3379415070017731,0.4084841451867642,93.29348828677611,False,True
0.3039208142876892,0.6809517617266155,0.015127423985695292,85.10528704444816,False,False
0.8773378798907606,0.11306802096539915,0.00959409914384029,95.92616077425586,True,True
0.01902628722742233,0.5200681308229513,0.4609055819496265,70.30730107705644,False,False
0.6756804581605564,0.023201551070151642,0.30111799076929197,96.07887055324257,False,False
0.5764311040321104,0.09201670164788352,0.3315521943200061,96.52801496672332,False,False
0.7177123212162781,0.07165708062567212,0.21063059815804977,96.17555369100957,False,False
0.2920453665838764,0.0756331002089689,0.6323215332071548,90.45700339491674,False,False
0.3292686408538844,0.17825174043927516,0.49247961870684026,95.25707539230652,False,False
0.30380198276636927,0.30219661444950535,0.3940014027841252,95.04500265967138,False,True
0.16152932411522852,0.2796052860563833,0.5588653898283882,84.6834392723655,False,False
0.6929404561014608,0.019918670253763916,0.28714087364477525,96.07887055324257,False,False
0.22561329510684264,0.24172681826153447,0.5326598866316229,91.2264706644145,False,False
0.6998800466639074,0.15627411061658722,0.14384584271950554,96.44921350935178,True,True
0.7171208790382507,0.11132097151794854,0.17155814944380063,96.15876511508795,False,True
0.15967310320787798,0.08908060451926293,0.751246292272859,73.31895193115706,False,False
0.8959519248114961,0.023338366823779277,0.0807097083647246,95.94331421341501,False,False
0.2868273302029494,0.14969345514133828,0.5634792146557124,93.13627465362859,False,False
0.5249951722215329,0.012255249156930928,0.4627495786215362,96.32807121798635,False,False
0.12756339229686187,0.7231339946194507,0.14930261308368759,73.88422844323802,False,False
0.882580368388306,0.10414661758687055,0.0132730140248235,95.87189805109344,True,True
0.3047081790968356,0.5514131392168875,0.14387868168627707,90.22914092313114,False,False
0.3518360238701262,0.008997833008986942,0.6391661431208868,91.86628128366094,False,False
0.1537884123681479,0.6223883858749896,0.2238232017568626,78.52456820560658,False,False
0.23877329363735997,0.0026067025206481516,0.7586200038419918,79.36508612426972,False,False
0.24532485256272066,0.23584317324931015,0.5188319741879691,92.36298382930194,False,False
0.09512663846721582,0.8592021200849023,0.04567124144788198,69.20432995216302,False,False
0.011471357378638728,0.46071886366730025,0.527809778954061,69.57528638696068,False,False
0.16911878490396434,0.3398188550464742,0.4910623600495615,85.86405101398633,False,False
0.4749459524175704,0.4346623359220806,0.09039171166034898,96.01977664609947,True,True
0.8291539621817863,0.020634183761603666,0.15021185405660997,95.9688480547004,False,False
0.3786802665791455,0.33573140412494906,0.2855883292959055,95.99895665167753,True,True
0.07323080346660826,0.8100614735119366,0.11670772302145517,69.20629659330133,False,False
0.46032147381041116,0.3946753180746257,0.1450032081149631,96.12288474249193,True,True
0.11738026512149219,0.1005743049272903,0.7820454299512175,64.7130618371709,False,False
0.12664086622103915,0.5229068168828304,0.3504523168961304,78.37487492240875,False,False
0.6596340094406516,0.025441102359137935,0.3149248882002104,96.10012048434257,False,False
0.4123274781800606,0.23183667759098323,0.35583584422895614,96.5234287336118,False,True
0.20075976407656465,0.00786960647269834,0.7913706294507371,73.22885897452893,False,False
0.4346299911006952,0.1878763232607097,0.3774936856385951,96.48508769470473,False,True
0.333322137655863,0.19291893490275344,0.47375892744138354,95.4607045248869,False,False
0.05845227064313521,0.892638249477878,0.048909479878986646,67.54457780563067,False,False
0.21362015299713755,0.45081502834199727,0.33556481866086524,88.13676973729882,False,False
0.21806514705574662,0.5621202057130431,0.21981464723121044,85.09682951197387,False,False
0.4420234061671553,0.37359700710835214,0.18437958672449245,96.16146779906899,True,True
0.3278085140630672,0.4092575370251165,0.2629339489118162,94.38515659373849,False,True
0.5083028240386068,0.4684129503387349,0.023284225622658323,95.836085607346,True,True
0.20382815420180395,0.5620165140141733,0.23415533178402273,84.62532185159019,False,False
0.5794336217139002,0.10233416844721452,0.31823220983888517,96.54868354592485,False,False
0.0027793023903472497,0.20947802776574595,0.7877426698439067,53.39774768325668,False,False
0.2986948400628611,0.310801300319689,0.39050385961744993,94.68753444112178,False,True
0.5514173232048376,0.05113245235156665,0.39745022444359585,96.57576369357072,False,False
0.5781213349110851,0.1721899347457131,0.24968873034320196,96.6385200394664,False,True
0.6841963168371482,0.27841900759222676,0.037384675570625116,96.29302761116568,True,True
0.5412310121435207,0.10841698131598698,0.3503520065404924,96.58058697578907,False,False
0.578511098790422,0.2635945298499258,0.15789437135965226,96.60907665872604,True,True
0.5826530009225125,0.24674852860266322,0.17059847047482432,96.61367309464664,True,True
0.11708387993556608,0.6380107104585117,0.2449054096059223,74.95161138619166,False,False
0.5913397700733443,0.09991343542333438,0.30874679450332143,96.47631591743662,False,False
0.4544773361646331,0.22259670827300632,0.3229259555623606,96.74836599613506,False,True
0.916595391263232,0.07793967070588124,0.005464938030886888,95.76345648701793,True,True
0.6016785219483834,0.1713854883464594,0.22693598970515713,96.6385200394664,False,True
0.7853301697291851,0.16144319921879816,0.05322663105201665,96.00744062713598,True,True
0.7538106299042323,0.0020005612011071766,0.24418880889466063,96.01458193083093,False,False
0.13618935916022543,0.27912320548057223,0.5846874353592023,81.88278557736942,False,False
0.027718232556080254,0.7530053265878827,0.2192764408560371,67.77834921329976,False,False
0.5255638863961976,0.3153159628427373,0.1591201507610651,96.34702191480962,True,True
0.10089319733012933,0.6166290408293849,0.2824777618404859,73.76571097929549,False,False
0.5304456287851925,0.3087749166595996,0.16077945455520787,96.3294516500843,True,True
0.4550806208511784,0.23485423835700417,0.31006514079181735,96.74992058811519,False,True
0.2912989450705047,0.3598263483079941,0.3488747066215012,94.24001305370011,False,True
0.17881263130697078,0.11988865357002172,0.7012987151230073,80.17549968779353,False,False
0.3766701200532021,0.12359768583822711,0.4997321941085707,95.75860066688404,False,False
0.2872521800080236,0.4844240716321298,0.22832374835984648,91.58320084636102,False,False
0.2666514851204665,0.4132491221824611,0.3200993926970723,92.92651827142814,False,True
0.09868165765601924,0.46053588707492926,0.44078245526905147,77.46436800634783,False,False
0.11165445023496044,0.09325246232553482,0.7950930874395048,62.35870268493889,False,False
0.30794430961422575,0.1928542419246103,0.4992014484611639,94.8268353547588,False,False
0.024069631173416792,0.06983190897236714,0.9060984598542162,43.68737172434355,False,False
0.9098199508205151,0.037523869383441225,0.05265617979604369,95.92887257378173,False,True
0.520154742207123,0.20200823078193092,0.277837027010946,96.60419012861846,False,True
0.4420560196180876,0.3024077750721191,0.25553620530979326,96.57919431361105,True,True
0.5026974693315417,0.24759440139371547,0.24970812927474298,96.72666824208619,False,True
0.6263281222720438,0.01410104518512182,0.3595708325428344,96.20792952714994,False,False
0.12176143533707257,0.8154280144460323,0.06281055021689509,70.97858067063548,False,False
0.7211193440481592,0.2553077469689202,0.023572908982920603,96.25818680952311,True,True
0.16495201309867996,0.7568607659076831,0.07818722099363697,75.4639725924718,False,False
0.1739628186997996,0.646193909003562,0.17984327229663843,79.64110243649424,False,False
0.11269028990903245,0.5190089882772423,0.3683007218137253,77.19716225186379,False,False
0.2163557108937956,0.6486277538137127,0.13501653529249172,81.35455016658473,False,False
0.3068556633515246,0.6413831507320215,0.051761185916454,86.74566382160418,False,False
0.44367474212753594,0.1301208226476196,0.4262044352248444,96.5149220814665,False,False
0.41765817102964875,0.2751462576117641,0.3071955713585871,96.35737905430196,False,True
0.04121880337611137,0.8808991856784478,0.07788201094544078,67.14534118704611,False,False
0.07671881897491595,0.5778074674896001,0.34547371353548406,73.35500183211498,False,False
0.2588732199621742,0.1003334810162077,0.6407932990216181,88.59497843038024,False,False
0.6287597059978731,0.2556539253226741,0.11558636867945281,96.32409641449077,True,True
0.016650430490653623,0.5341151814207474,0.4492343880885989,69.97955704397623,False,False
0.986686251424042,0.007649004436045176,0.0056647441399127535,95.60256219813292,True,True
0.6401760103017539,0.08008073251456135,0.27974325718368465,96.28238703074923,False,False
0.1352052936989974,0.28063453474111427,0.5841601715598884,81.83054656786673,False,False
0.2982284842750292,0.439014085269839,0.26275743045513184,93.54000707108231,False,True
0.035499526160409196,0.7102862476675939,0.254214226171997,68.59762367709563,False,False
0.08770381717105633,0.2933827898401743,0.6189133929887694,75.60268053439067,False,False
0.0787643785095464,0.48821292747529527,0.4330226940151582,74.87468468146879,False,False
0.49109337586634383,0.3730613747600581,0.13584524937359813,96.18592774890783,True,True
0.04980453756115216,0.25865140325339114,0.6915440591854569,67.37599778145437,False,False
0.3374347398503767,0.06345651145683441,0.599108748692789,93.08580065668689,False,False
0.1576727043103792,0.4601045484802518,0.382222747209369,83.8441829620183,False,False
0.5046854912742685,0.15351160380140244,0.34180290492432913,96.61525952667522,False,False
0.21083348003736305,0.09167087126025476,0.6974956487023823,82.61079742786383,False,False
0.23743205034724693,0.5205293015364982,0.24203864811625492,87.64863842147851,False,False
0.07540901603898574,0.08772371592019412,0.8368672680408202,54.071621777212705,False,False
0.3875914148706162,0.34869319290601153,0.26371539222337237,96.05832570230116,True,True
0.09504084755554162,0.5395328722184599,0.3654262802259986,74.89662350076622,False,False
0.2703778109783507,0.1519940508281404,0.577628138193509,92.00961406167649,False,False
0.48122368776441005,0.3531525321006642,0.1656237801349258,96.20980245027702,True,True
0.39471192024158097,0.6034348144102395,0.0018532653481795947,91.49497904942392,False,True
0.19253137681277596,0.36608267837844777,0.4413859448087763,88.27539370593878,False,False
0.11087134251035735,0.10167723559355789,0.7874514218960846,63.52631435416841,False,False
0.12907433730267467,0.43244837623697996,0.4384772864603453,81.48982497195418,False,False
0.37386168211486304,0.31324888652205035,0.3128894313630866,96.06537128680318,True,True
0.13362957532017922,0.4041812770328631,0.4621891476469577,82.13242838589268,False,False
0.506965896685883,0.20017329304649017,0.2928608102676268,96.66820862889443,False,True
0.12919848939248407,0.4375874658175488,0.43321404478996717,81.62389466498425,False,False
0.13659489542880185,0.7922984157322861,0.07110668883891197,72.44052417003734,False,False
0.009797967970444134,0.6131980734633837,0.377003958566172,68.78024490987413,False,False
0.1649748751060777,0.6320539191712533,0.2029712057226691,79.06991429651062,False,False
0.4351829645290742,0.08228541722613321,0.48253161824479274,96.33530535958104,False,False
0.10177422911762281,0.7308005107007332,0.1674252601816442,71.71422361473749,False,False
0.5001984713287683,0.17862469590215715,0.3211768327690747,96.58848384576972,False,True
0.04173423663267686,0.2702181327645301,0.688047630602793,66.87491286215958,False,False
0.585089536545766,0.3458201655232252,0.06909029793100868,96.29274143759497,True,True
0.1308009842091739,0.5396358245730978,0.3295631912177283,78.47669676638667,False,False
0.6698690387106822,0.24101994659340772,0.08911101469591018,96.2889056204599,True,True
0.4847054503795667,0.3547181411609859,0.16057640845944746,96.20980245027702,True,True
0.613264638999065,0.37152542834422186,0.015209932656712971,96.27497367741007,True,True
0.6320372953812325,0.16493000877095404,0.2030326958478135,96.51168429692325,False,True
0.6096558098830402,0.07354767470635637,0.31679651541060344,96.29554909282022,False,False
0.21703346163574663,0.664620991765241,0.1183455465990123,81.11507738014289,False,False
0.4008431423202756,0.13356832573100982,0.4655885319487145,96.35108232906757,False,False
0.21942711652574434,0.5913085471998847,0.1892643362743708,83.91476505476247,False,False
0.5274940835487432,0.008561140508548505,0.46394477594270833,96.32807121798635,False,False
0.31775514704383595,0.5260054507338193,0.1562394022223446,91.17776616360554,False,False
0.14905574907524746,0.5860595238330967,0.26488472709165584,78.44022015671749,False,False
0.6638545281765926,0.2802650590014722,0.055880412821935205,96.30647138479144,True,True
0.00028257601893634873,0.4518530114249504,0.5478644125561132,68.276176993304,False,False
0.14029318562854662,0.2930958319454925,0.5666109824259608,82.77445945076676,False,False
0.11476047497875654,0.2533322902914688,0.6319072347297746,77.36218868568226,False,False
0.701012221089227,0.19548670946814573,0.10350106944262744,96.30597314522002,True,True
0.20607244560733667,0.5100140556340356,0.28391349875862787,86.53773212005808,False,False
0.4337083955167494,0.4592360785009711,0.10705552598227958,95.50594705458022,False,True
0.6935248812633789,0.30557835392434035,0.0008967648122808196,96.25077481785223,True,True
0.7823585250806754,0.12645565417727891,0.09118582074204554,96.14529452237512,True,True
0.12773816457629478,0.4191463033571727,0.45311553206653243,81.56740613911677,False,False
0.35900769480633205,0.6189427652382583,0.0220495399554095,89.78693362565905,False,False
0.6678695057060058,0.0629933115727795,0.2691371827212148,96.20889689144738,False,False
0.7537656156898291,0.14456399996357577,0.10167038434659519,96.1730150206145,True,True
0.592340470387333,0.3288006135148808,0.07885891609778617,96.25762616239946,True,True
0.32493796751682374,0.3355333251890145,0.3395287072941618,95.32886294314274,False,True
0.19852761936254532,0.5260166963520485,0.2754556842854061,85.6910009673315,False,False
0.6362896624498878,0.08004256540164956,0.2836677721484626,96.31516775443703,False,False
0.612142246811125,0.2681705531946445,0.11968719999423051,96.32285540364957,True,True
0.05477149750628866,0.6160859706074266,0.3291425318862848,71.12036000106984,False,False
0.4974378881822065,0.3938843136986066,0.10867779811918706,96.13798183174097,True,True
0.5623064295124957,0.014010505595981557,0.42368306489152274,96.36127424130643,False,False
0.225136392590333,0.7323060990979187,0.04255750831174836,79.61412371308636,False,False
0.3038148330999327,0.14682713514118972,0.5493580317588778,93.8149907584638,False,False
0.13115983105782303,0.2574482913729748,0.6113918775692022,80.21357541284749,False,False
0.1994938054773474,0.7681294052426303,0.03237678928002236,77.2813072822243,False,False
0.1748876153857213,0.015002778073675284,0.8101096065406033,67.32867915744863,False,False
0.34985870442618167,0.5896605039610024,0.060480791612816054,90.25020514735077,False,False
0.3812338542083446,0.14274874083832345,0.4760174049533318,95.97726964650683,False,False
0.25903989340614453,0.3571260615340453,0.3838340450598101,93.4106470285192,False,True
0.7370480224295258,0.26050222440544185,0.002449753165032408,96.24969118162294,True,True
0.11882418023951126,0.6311928282856958,0.24998299147479305,75.30477646908271,False,False
0.790826987576858,0.15193059766720507,0.05724241475593686,95.97972012889662,True,True
0.06824497185943937,0.7405129454246867,0.19124208271587406,69.94698939771749,False,False
0.20257265076428332,0.373129293636622,0.42429805559909456,88.85131679006105,False,False
0.1755697105651355,0.06345983387834123,0.7609704555565232,74.01158216231264,False,False
0.08695977990995249,0.7219747686967752,0.1910654513932724,71.04357379681356,False,False
0.42750239243677296,0.4852366704225179,0.08726093714070934,94.97531911937867,False,True
0.1058564755110579,0.34558432325514976,0.5485592012337924,79.29702012436603,False,False
0.2254084466282065,0.6219257339467932,0.15266581942500024,82.80668419965455,False,False
0.20601548115044113,0.7752051602763504,0.01877935857320842,77.55998198065073,False,False
0.5723079292625118,0.09958743349312464,0.3281046372443636,96.5638340948777,False,False
0.005056791829360557,0.12019711722323226,0.8747460909474072,44.82554326524142,False,False
0.6921413687757287,0.19320141513396075,0.11465721609031052,96.48990321469194,True,True
0.17607358682256857,0.08186648456136231,0.7420599286160691,76.70839162296753,False,False
0.2387534199503489,0.23427947032622332,0.5269671097234278,92.01229708413204,False,False
0.1535914514321608,0.7779837903097397,0.06842475825809954,73.7454460069762,False,False
0.47301877022048316,0.1352028753761755,0.3917783544033414,96.6979830268869,False,False
0.5248340824886543,0.1831591354757038,0.2920067820356419,96.64192258632153,False,True
0.18742694196594914,0.3011009440568172,0.5114721139772337,87.48124138413868,False,False
0.15745815174802752,0.09680149739072544,0.7457403508612471,73.87876999333638,False,False
0.6963716159131278,0.15205198833452807,0.15157639575234408,96.44921350935178,True,True
0.09304212995290954,0.4779571981742321,0.4290006718728584,76.5060018228457,False,False
0.6087747713684055,0.09943325373353411,0.29179197489806047,96.47631591743662,False,False
0.4649828973683264,0.4062774647867889,0.12873963784488468,96.09898455213988,True,True
0.11488394595090932,0.312165328482644,0.5729507255664467,80.15307938532492,False,False
0.5793646082358573,0.07245299135081382,0.3481824004133288,96.48186873695941,False,False
0.2410096011210892,0.3748572925667532,0.3841331063121577,91.92666191367789,False,True
0.019971841988513084,0.6109290660423473,0.3690990919691394,69.30795733559401,False,False
0.5267941034420043,0.3338038063657865,0.13940209019220937,96.30696606124654,True,True
0.8255747154443587,0.11605362715619963,0.05837165739944181,95.92616077425586,True,True
0.49116747970354596,0.05455057570205259,0.45428194459440147,96.5100310653044,False,False
0.260354274337407,0.4372669855819869,0.3023787400806061,91.75154314181077,False,False
0.11216914957966004,0.40168538899044487,0.4861454614298951,80.58315877638137,False,False
0.3559047710167414,0.5898894317508747,0.05420579723238372,90.55171782221491,False,False
0.040868619055390666,0.730208761803521,0.22892261914108836,68.53367230525554,False,False
0.5192402415180168,0.1978608952374653,0.2828988632445179,96.60419012861846,False,True
0.46562798948114303,0.29315642465001457,0.24121558586884237,96.61506898495674,True,True
0.2692400204943062,0.07906204148356852,0.6516979380221253,88.4270539435698,False,False
0.17507016087155305,0.24818848552465128,0.5767413536037956,85.5114217747222,False,False
0.19845272227081157,0.1728677303514616,0.6286795473777268,85.78374510226135,False,False
0.10667908257422853,0.6266507065934223,0.26667021083234926,74.32151114614645,False,False
0.4075649015524077,0.4748175151499853,0.11761758329760694,94.6495075976243,False,True
0.24879526501690852,0.4458015895648886,0.30540314541820285,90.72328035030802,False,False
0.1599156783583122,0.7947296923935471,0.04535462924814082,73.65166083404756,False,False
0.3670078060031995,0.12757226674300556,0.505419927253795,95.68809656788652,False,False
0.010263370267726201,0.865425490846833,0.1243111388854407,65.87422216665696,False,False
0.48682778840300267,0.08396342207141196,0.42920878952558533,96.53900139381874,False,False
0.10395587142523895,0.2321317724109625,0.6639123561637986,75.01975762673932,False,False
0.31353159431599936,0.04103828654691495,0.6454301191370857,90.6791867225135,False,False
0.2379740377310308,0.3528279867410693,0.4091979755278999,91.93557657453472,False,True
0.1417785905013863,0.18669316013776058,0.6715282493608531,78.46307860682029,False,False
0.06637614091345395,0.4360043220649066,0.4976195370216396,74.50345751057826,False,False
0.4010782157205553,0.5672812329386931,0.031640551340751555,92.50687246702925,False,True
0.28452978652025346,0.5426557356680577,0.17281447781168885,89.69481872010256,False,False
0.3070405237109399,0.10520456070547145,0.5877549155835887,92.47328954567087,False,False
0.5885126318494455,0.2332208956881925,0.17826647246236196,96.5986019801814,True,True
0.2585790252642336,0.06226121653323979,0.6791597582025266,86.32526786338637,False,False
0.7597871037475487,0.04745027911185652,0.19276261714059484,96.02779729055324,False,False
0.41726512731059917,0.3291241312592919,0.2536107414301088,96.27116584554891,True,True
0.010670014588667821,0.7522494636267009,0.2370805217846314,67.25682504252286,False,False
0.8488649272676289,0.14922338501825497,0.0019116877141161937,95.97972012889662,True,True
0.36489650546345154,0.17721665103826087,0.45788684349828757,96.13205981105895,False,False
0.12986873767850945,0.5953372735082567,0.2747939888132339,77.04237681272387,False,False
0.07429996280469278,0.3207563649719982,0.6049436722233089,74.2177927169111,False,False
0.31360128897274187,0.524077467605055,0.16232124342220317,91.17112532161111,False,False
0.7407979787295391,0.061375964255453185,0.19782605701500763,96.10129974215631,False,False
0.12686926933866452,0.2693836807694134,0.6037470498919221,80.06327934657406,False,False
0.436355892956905,0.20591979858469153,0.35772430845840336,96.57156448680905,False,True
0.0946107733777631,0.7935434295402763,0.11184579708196057,70.07732893023376,False,False
0.1872282919915062,0.6728652136748363,0.13990649433365746,79.47155216567711,False,False
0.3968882107740789,0.3294577196559658,0.27365406956995536,96.1618427272682,True,True
0.4968894459823188,0.2335187302926022,0.26959182372507895,96.69341960158665,False,True
0.20926334887256626,0.6833751028664363,0.10736154826099749,80.3094340364177,False,False
0.23163703613870745,0.7124656846638568,0.05589727919743561,80.57467153664668,False,False
0.47732881801215465,0.49632970415578614,0.026341477832059326,95.63851344724027,False,True
0.45343309597692993,0.29019650047661066,0.2563704035464595,96.57193233157031,True,True
0.32973978761091655,0.0609877358181404,0.6092724765709431,92.33067068655933,False,False
0.8023095271818963,0.09020116961161553,0.10748930320648817,96.06458909828235,False,True
0.39372176103138584,0.3316698021479379,0.2746084368206762,96.12013511464616,True,True
0.01376271319360869,0.15234555771298716,0.8338917290934041,49.06893132891274,False,False
0.4459457938617768,0.0892628778730037,0.4647913282652195,96.38586656334033,False,False
0.025250011648808177,0.1295408546221942,0.8452091337289975,49.25953913213944,False,False
0.37696413410994156,0.36584258666894537,0.2571932792211131,95.83945417583553,True,True
0.39500220944156583,0.06691389864080383,0.5380838919176303,95.57920722828965,False,False
0.467959299004026,0.02663766047411952,0.5054030405218545,96.25106819556592,False,False
0.24905483770812642,0.24374060819193652,0.5072045540999371,92.77541370136167,False,False
0.11812213041008984,0.02103001356064596,0.8608478560292642,54.85823687228743,False,False
0.5161896182943716,0.23788550707169967,0.24592487463392876,96.62292401337858,False,True
0.24376317096160854,0.7426536753062506,0.01358315373214095,80.11403502022507,False,False
0.04054230317421732,0.2500623902793097,0.709395306546473,65.49867443715966,False,False
0.43677152446154693,0.22345676395011582,0.3397717115883372,96.59798494373936,False,True
0.3517131572227484,0.3779760411491571,0.2703108016280946,95.1767312442857,False,True
0.8107220106376347,0.11592345993752995,0.07335452942483547,96.10947491496715,True,True
0.4411586641643455,0.2781205452424657,0.2807207905931889,96.55334492966182,False,True
0.2633170405137403,0.6275164066041254,0.10916655288213427,85.10698823836847,False,False
0.06875735486012857,0.6068310094727739,0.32441163566709774,72.3068650969417,False,False
0.5586922078408599,0.3953320433603929,0.04597574879874726,96.13007159455536,True,True
0.1854769213956501,0.18080198658438082,0.6337210920199692,84.78178805801322,False,False
0.24952867750336144,0.4531700850850577,0.29730123741158093,90.61664643260426,False,False
0.05368103861207419,0.029000320654387388,0.9173186407335384,44.39476081332593,False,False
0.8640850497717598,0.0549580477653862,0.08095690246285403,95.92887257378173,False,True
0.39270218933051926,0.18469886087343815,0.4225989497960426,96.46240871057897,False,False
0.10749813608792148,0.0721451620673828,0.8203567018446957,58.46351117852965,False,False
0.12469853683596671,0.753565048261028,0.12173641490300535,72.71061746218818,False,False
0.004549185287067491,0.01819801749374381,0.9772527972191887,37.42583859621371,False,False
0.674607389428492,0.058699956900732105,0.266692653670776,96.18117819457943,False,False
0.2089437511500959,0.20547389492238657,0.5855823539275176,88.58665392942328,False,False
0.22490100672060412,0.40434916712928537,0.3707498261501106,90.06170022160127,False,False
0.5029798791788811,0.13855983385954704,0.35846028696157184,96.62583818116036,False,False
0.0021057020419270656,0.3362161652429773,0.6616781327150956,64.71537412107415,False,False
0.24743407408253876,0.5402384360781186,0.21232748983934263,87.4102556139198,False,False
0.15621946590341945,0.1415837360215371,0.7021967980750434,77.9863877072748,False,False
0.034484690806521286,0.030974141822377777,0.934541167371101,42.63003466319925,False,False
0.289916646901185,0.2739346983608595,0.43614865473795544,94.77102826418279,False,True
0.4841322234834311,0.3766313799895102,0.13923639652705888,96.1281143123519,True,True
0.3114047924962576,0.15879452147346698,0.5298006860302754,94.56195949707845,False,False
0.37151007802047353,0.3071688839034993,0.32132103807602713,96.06775921879324,False,True
0.024445029379567267,0.42320374223332,0.5523512283871127,70.43564729549888,False,False
0.25258168069030046,0.06529376086476278,0.6821245584449367,86.0475507810326,False,False
0.2997095430922912,0.5699582213894178,0.1303322355182909,89.42710280084518,False,False
0.33137760349710427,0.5834293433605893,0.08519305314230631,90.17725215947355,False,False
0.11780560565352437,0.8141911832754173,0.06800321107105824,70.88149612104941,False,False
0.49922703894929066,0.17781059420531287,0.32296236684539653,96.58848384576972,False,True
0.08447052432271779,0.179247604558948,0.7362818711183343,66.55073374191528,False,False
0.10047846561920305,0.6768598087426991,0.22266172563809777,72.30890304104497,False,False
0.5988003416299512,0.03690160082956715,0.36429805754048167,96.34458391725238,False,False
0.05509830524012937,0.6384537746866994,0.3064479200731712,70.97222196733964,False,False
0.020758890649104023,0.011762045849238515,0.9674790635016576,38.897972518311555,False,False
0.07183070012754177,0.06173736031383102,0.8664319395586273,50.84645566912951,False,False
0.14524264189664196,0.51996278232054,0.33479457578281796,80.05889133834482,False,False
0.3838682088872349,0.48185763900008727,0.1342741521126779,94.14844490358631,False,True
0.3432093882502876,0.052640951302044936,0.6041496604476675,93.02485410186289,False,False
0.020499764635770197,0.6868351547407249,0.292665080623505,68.30661415568848,False,False
0.31121366611405216,0.5831154671017836,0.1056708667841643,89.53533623620012,False,False
0.37597089410130385,0.2736228443524058,0.35040626154629034,96.15986397703522,False,True
0.1794615976880917,0.038051964961149556,0.7824864373507588,72.116273328521,False,False
0.3326748838399152,0.1790997209837202,0.4882253951763646,95.47005257442073,False,False
0.06932799373531567,0.8985253597313102,0.03214664653337405,67.79121532478669,False,False
0.11951861643946939,0.4382512778318797,0.44223010572865085,80.5523120775115,False,False
0.32565971499992813,0.06811306997343165,0.6062272150266401,92.26131361924928,False,False
0.19776226873036531,0.5812258057632088,0.22101192550642607,83.00951564536184,False,False
0.009723526088007101,0.08429604951416579,0.905980424397827,42.428615128230426,False,False
0.13214275645936696,0.3296092653075165,0.5382479782331164,82.35849433030859,False,False
0.3234070275772998,0.4635507488680004,0.2130422235546999,93.30652410484515,False,True
0.570219818073946,0.04392719152005413,0.38585299040599974,96.38118840916657,False,False
0.29476094777724526,0.644809570580554,0.06042948164220068,85.90774553048779,False,False
0.23922292470927436,0.31358114778232177,0.4471959275084038,92.16056504609313,False,True
0.6209387727914384,0.30623304040269833,0.07282818680586337,96.31938024146258,True,True
0.09026511640021993,0.10974887020422856,0.7999860133955514,59.76287988322366,False,False
0.04157381740668927,0.7204453754420964,0.2379808071512144,68.73206425541235,False,False
0.15106350026484044,0.7220685342031993,0.12686796553196023,74.75717620862457,False,False
0.4971135715442331,0.2186455670985131,0.28424086135725374,96.69960078910054,False,True
0.5652356427814077,0.42649102909519837,0.008273328123393842,96.01242453525288,True,True
0.3578011268514959,0.49201389634833886,0.15018497680016513,93.45494017337789,False,True
0.363988902628523,0.19258071137759733,0.4434303859938798,96.21980273710199,False,False
0.0018547569652286996,0.8997925059250175,0.09835273710975372,65.12223047666467,False,False
0.375664475172913,0.40023241581585095,0.224103109011236,95.39470516126775,False,True
0.48080566887053267,0.5167982032959955,0.002396127833471763,95.47485291905127,False,True
0.26263494196599246,0.02322075622279755,0.71414430181121,84.34995789912139,False,False
0.40113706168201396,0.33748821591922157,0.2613747223987646,96.16045471366506,True,True
0.2405897591585115,0.6877257557347521,0.07168448510673632,81.55832216215482,False,False
0.15803934957446028,0.7343802979303908,0.10758035249514881,75.56872058197969,False,False
0.20674250189602025,0.3714580973154099,0.42179940078856976,89.05698927254376,False,False
0.3833241247034456,0.10685726351958245,0.5098186117769719,95.74058846445162,False,False
0.7745243294006708,0.08163132923938089,0.14384434135994817,96.08673576475526,False,True
0.2597001023846982,0.6055442472825512,0.13475565033275058,85.5863157897241,False,False
0.09063453024045384,0.3356168400244657,0.5737486297350806,77.13509301909987,False,False
0.3627199586747528,0.22719104686753075,0.4100889944577165,96.19855235434405,False,True
0.8967330583217105,0.07562694541688925,0.027639996261400318,95.76345648701793,True,True
0.8028807740330623,0.011361163735464152,0.18575806223147348,96.00394357639715,False,False
0.789636985937426,0.20413689818845474,0.006226115874119131,96.22160958268518,True,True
0.7939375608459649,0.08872934724258773,0.11733309191144743,96.06458909828235,False,True
0.15759742148410116,0.15944711253655727,0.6829554659793414,79.31755498600961,False,False
0.01908008596510776,0.15105754575288946,0.8298623682820028,50.87034213470578,False,False
0.05715076832697648,0.8702478398755473,0.0726013917974762,67.8937746336157,False,False
0.3155851124010248,0.5483580508487961,0.13605683675017902,90.68639074116905,False,False
0.17866017102912704,0.5616929752467102,0.2596468537241628,81.86136912643634,False,False
0.6021794461038894,0.3920655167734317,0.005755037122678954,96.18240719161292,True,True
0.298376628820653,0.46097467425195837,0.2406486969273886,92.70944389824415,False,True
0.37042639252335113,0.6040063715649562,0.025567235911692757,90.54819078076846,False,False
0.5841677961505828,0.14407091701172137,0.2717612868376959,96.60128220225963,False,True
0.581990384597312,0.08371412590418337,0.33429548949850474,96.52801496672332,False,False
0.16751010308937841,0.7901239498219075,0.0423659470887141,74.11274390636324,False,False
0.258134432163151,0.47592922593669745,0.26593634190015164,90.56855883933254,False,False
0.36025925211330223,0.09903430291521215,0.5407064449714857,95.04939008315999,False,False
0.058855526238295285,0.6544152974077608,0.2867291763539439,70.9747532077414,False,False
0.7269463100238227,0.24069755072679958,0.03235613924937775,96.25818680952311,True,True
0.605431075864769,0.3573979536726922,0.03717097046253888,96.29274143759497,True,True
0.3274011441065067,0.5406318889723399,0.1319669669211534,91.10817319504214,False,False
0.011327722386565223,0.006006600040075029,0.9826656775733597,37.26204434599684,False,False
0.6461773498048899,0.041517551043363986,0.3123050991517462,96.10012048434257,False,False
0.30041065997807853,0.015316959642185757,0.6842723803797356,88.02007850394715,False,False
0.3341656757758512,0.2312927233151967,0.43454160090895216,95.57397308664571,False,True
0.3198295952434798,0.3308898310568027,0.3492805736997175,95.29884241326478,False,True
0.15791879134861786,0.048391417305434684,0.7936897913459473,68.04733462330131,False,False
0.48913798791584157,0.012960619335857087,0.4979013927483013,96.22712523781931,False,False
0.8368216697401132,0.0037319373300734172,0.15944639292981327,95.94009773210435,False,False
0.14850368247771847,0.18689387524408602,0.6646024422781955,79.29259962159071,False,False
0.0631134606288517,0.13199780888525908,0.8048887304858892,56.61792728782504,False,False
0.8254505318868245,0.13308703499729133,0.0414624331158841,95.9618342673265,True,True
0.20064805323825372,0.4075769741950899,0.3917749725666563,88.27083550849667,False,False
0.0874344524125389,0.7194772414611368,0.19308830612632447,71.1904425369674,False,False
0.1143929134653747,0.7047346852383888,0.1808724012962366,72.58420026971044,False,False
0.38942841646802007,0.12747184098837516,0.4830997425436048,96.0319537743009,False,False
0.13684223029767495,0.004815834006670104,0.8583419356956549,57.45641085459885,False,False
0.15469167666233968,0.4795567629937652,0.3657515603438952,82.87290106876368,False,False
0.03836795825157836,0.07195277657258199,0.8896792651758396,45.764357379168175,False,False
0.7506184127021717,0.16696699601707954,0.08241459128074882,96.0433562470232,True,True
0.18238681424711367,0.3171526323667142,0.500460553386172,86.96661636314998,False,False
0.39455123153224797,0.4687046014735028,0.1367441669942493,94.31893606504852,False,True
0.05077234869251179,0.7646161461294474,0.18461150517804076,68.68868401800891,False,False
0.6358783247504373,0.23223365113447675,0.13188802411508604,96.4900590666308,True,True
0.42154660839589786,0.42479772146832306,0.15365567013577913,95.63990917607137,False,True
0.1673789463974459,0.4777702710413951,0.35485078256115893,84.74804822648419,False,False
0.04008352827000171,0.23803795172284514,0.721878520007153,64.08614721063147,False,False
0.4713348981715893,0.07790956853332036,0.4507555332950903,96.40465798330808,False,False
0.2143576741571436,0.567140519867844,0.21850180597501223,84.91393085864026,False,False
0.3656508145528216,0.027082452148792503,0.6072667332983859,93.59995648940045,False,False
0.035984628125795684,0.9001836942863285,0.06383167758787564,66.43506074055394,False,False
0.6915054872263177,0.032348374850761905,0.27614613792292036,96.10377500912347,False,False
0.2240878283215187,0.08466822125221357,0.6912439504262677,83.92501836945198,False,False
0.33779929006204407,0.4894353550300933,0.17276535490786257,92.64866374425337,False,True
0.634591852691243,0.23833962830192573,0.12706851900683133,96.30612899715888,True,True
0.40137351407918875,0.5083584762807047,0.09026800964010633,94.04802776164267,False,True
0.5470701655259065,0.08247477186063086,0.3704550626134627,96.5216841723139,False,False
0.18870678542443697,0.17638019906036362,0.6349130155151994,84.92462949030352,False,False
0.17029665442051395,0.014417265551578944,0.8152860800279071,66.1629508170069,False,False
0.5430753821707905,0.145189418773587,0.3117351990556224,96.58869694700999,False,False
0.20297984963472188,0.7126356621460846,0.0843844882191936,79.04131730091197,False,False
0.16321818424022877,0.09968695481862089,0.7370948609411505,75.7592649539039,False,False
0.22679427028295437,0.7350912569074539,0.03811447280959164,79.7281494796461,False,False
0.1921188974014271,0.5402579309018415,0.26762317169673155,84.53484858781292,False,False
0.3111913420113127,0.46602431247203707,0.22278434551665027,92.69862248340334,False,True
0.574493205861061,0.11450135130273582,0.31100544283620307,96.47550919084173,False,False
0.07234016638916473,0.7784967437885311,0.14916308982230425,69.30400619048204,False,False
0.19732975635129754,0.694037379738897,0.10863286390980538,79.30298114790645,False,False
0.7073051084328581,0.12528269640021067,0.16741219516693123,96.27190335953823,False,True
0.789575636482528,0.047917852329136174,0.16250651118833573,96.05019862675164,False,False
0.19048554416853522,0.45631170515581615,0.35320275067564855,86.46817738274125,False,False
0.2723136816048587,0.3210707913582196,0.40661552703692155,93.89934392952112,False,True
0.6492022841502184,0.2833037261488929,0.06749398970088873,96.30647138479144,True,True
0.12198324640979714,0.3288453726699693,0.5491713809202335,80.93864592721033,False,False
0.4710103794506118,0.25469261873410004,0.27429700181528816,96.73954883472857,False,True
0.2500144863959254,0.22641247690395067,0.523573036700124,92.70578986131387,False,False
0.16144854934487407,0.22288439591596515,0.6156670547391608,83.15581774430412,False,False
0.7921511415720565,0.004596863232555012,0.20325199519538845,96.04882939308196,False,False
0.20961817248456016,0.7480100540119007,0.042371773503539094,78.17521414819612,False,False
0.4526347267035883,0.11100006859839116,0.4363652046980206,96.46030274838941,False,False
0.09140418002985472,0.8368444433830278,0.07175137658711753,69.28505140285706,False,False
0.19623865964070378,0.7313155629355097,0.07244577742378637,77.87061996336958,False,False
0.07605292800474259,0.3018971045362061,0.6220499674590513,73.78349580446533,False,False
0.42281966961804995,0.5572042390349049,0.019976091347045078,93.42121706942437,False,True
0.570688023794397,0.39156819285995337,0.037743783345649595,96.16406335149968,True,True
0.5064589911351562,0.47241428826207366,0.021126720602770186,95.80218572349754,True,True
0.6477755193122655,0.08513330693644527,0.26709117375128927,96.3163416124296,False,False
0.3918227414279589,0.5670959215061087,0.04108133706593238,92.38046213683329,False,True
0.6446855539580387,0.3000860201815371,0.055228425860424146,96.29167852120493,True,True
0.11095861787258751,0.48700438995075146,0.4020369921766611,77.83692347421812,False,False
0.31949399293781633,0.18004496074516715,0.5004610463170166,95.04245062175453,False,False
0.05343799213859291,0.21335523926108763,0.7332067686003194,64.37734044059418,False,False
0.7157487363547574,0.14665416398634437,0.13759709965889813,96.39410874756734,True,True
0.07521688242344758,0.678651159865161,0.24613195771139132,71.3620364350939,False,False
0.5245739201207736,0.12167478463528851,0.3537512952439379,96.61713928218802,False,False
0.10747775459738103,0.6858547876720125,0.20666745773060638,72.48225449758671,False,False
0.4365678484864061,0.5622494320580265,0.0011827194555672717,93.46586920216569,False,True
0.23127370236292127,0.26909043233905344,0.4996358652980252,91.86264106595338,False,True
0.18646868768317898,0.32522942961151113,0.48830188270530994,87.14859938031701,False,False
0.24536628780806752,0.6047136844141671,0.14992002777776536,84.9510543280712,False,False
0.05868281614861289,0.8092696825857433,0.13204750126564377,68.53233267143224,False,False
0.8579790627800026,0.13211177008091554,0.009909167139081772,95.9618342673265,True,True
0.17579785508621207,0.6994448092395015,0.12475733567428637,78.31452035122088,False,False
0.09608841039676073,0.08774366315825206,0.8161679264449873,58.514499430055324,False,False
0.635909857869634,0.32628172914304215,0.037808412987323715,96.23506198621963,True,True
0.32314731717338574,0.6465628120859056,0.030289870740708633,87.44227096940841,False,False
0.09657783638949677,0.2698007752430451,0.6336213883674582,75.96011181236364,False,False
0.6217731575549933,0.24899005727575615,0.12923678516925058,96.32409641449077,True,True
0.5735140483124572,0.42122298212095,0.0052629695665927,95.98598672765455,True,True
0.2394944200173148,0.532261803691417,0.22824377629126816,87.33377650423982,False,False
0.3438901959862294,0.5702144154369166,0.08589538857685382,90.697973820592,False,False
0.4352758634035633,0.3254743487521462,0.23924978784429052,96.41870401069987,True,True
0.7170761784696316,0.1700204286515687,0.1129033928787997,96.41404672204152,True,True
0.6735588270152907,0.3178432953091783,0.008597877675530913,96.21184133779278,True,True
0.6643614626837973,0.28370045374269953,0.05193808357350315,96.30647138479144,True,True
0.7915061419329448,0.13734008704902767,0.07115377101802747,95.9618342673265,True,True
0.2431349821625676,0.07166660512218817,0.6851984127152442,85.5092160870534,False,False
0.24870646097526722,0.2887678831190055,0.4625256559057273,92.83098359944411,False,True
0.7373527278211615,0.03000684938336801,0.23264042279547056,96.05728039428193,False,False
0.7303270708039806,0.022947497888617333,0.24672543130740204,96.0230329320309,False,False
0.18669462920408209,0.3087001623062858,0.504605208489632,87.3011905604771,False,False
0.06727809980957127,0.23902722211168426,0.6936946780787444,68.6909492051183,False,False
0.5489286867881104,0.4201060109175287,0.030965302294361,96.02671671339834,True,True
0.9891942442755659,0.00746211369898715,0.003343642025446992,95.60256219813292,True,True
0.7990899407726298,0.020552711011757412,0.18035734821561256,96.00394357639715,False,False
0.9123263038113962,0.021946996730321466,0.0657266994582824,95.90640077261303,False,False
0.13202935963323523,0.6787649462907884,0.18920569407597637,74.75898136604147,False,False
0.27242850206084834,0.2644493333675447,0.46312216457160693,93.93050867237773,False,True
0.5943887157393959,0.3590891989081068,0.0465220853524973,96.29274143759497,True,True
0.4206856072161372,0.2774872815529862,0.3018271112308766,96.35737905430196,False,True
0.18282475471960427,0.364194034418687,0.45298121086170867,87.10561683862252,False,False
0.010553342380880846,0.32353389168639374,0.6659127659327255,65.41929440217241,False,False
0.2738496759846233,0.15584165600061076,0.5703086680147661,92.21107402151317,False,False
0.4165347881831026,0.08582310906745459,0.4976421027494427,96.05646915775161,False,False
0.5950062826560747,0.32218428986568465,0.08280942747824058,96.30074634567997,True,True
0.11665817786197866,0.23694195474850666,0.6463998673895147,77.01199645082337,False,False
0.3594008825030834,0.5863648628230936,0.05423425467382286,90.85569358580898,False,False
0.036070131824032174,0.17055497328902527,0.7933748948869425,55.36963568604703,False,False
0.05047949631474711,0.47855253915607393,0.470967964529179,73.28758905272491,False,False
0.64503416898854,0.15051320971814824,0.2044526212933118,96.48263814639033,False,True
0.12206413129480041,0.8236145816068038,0.05432128709839576,70.88855285348856,False,False
0.21489359220941892,0.6265630979906481,0.15854330979993297,81.87318435488311,False,False
0.3256596114491912,0.2087451269908849,0.4655952615599238,95.4242162587205,False,False
0.1947154085214345,0.466661776308077,0.3386228151704885,86.42051900058466,False,False
0.5966516152738653,0.2800768532475874,0.12327153147854725,96.30885604818559,True,True
0.4793597467923038,0.32226390329608523,0.19837634991161104,96.62299528035899,True,True
0.03233719435218469,0.3094604040655461,0.6582024015822692,68.24512166894988,False,False
0.10886276899808037,0.2902869877413026,0.6008502432606171,78.61792096209051,False,False
0.5271028030423662,0.35245499514037604,0.12044220181725775,96.33801011426858,True,True
0.03701561708138766,0.17190536941526352,0.7910790135033487,55.71862446371848,False,False
0.39767201309019473,0.404162047515499,0.19816593939430632,95.3292928823762,False,True
0.6723987401268195,0.29530906039841603,0.03229219947476435,96.28421910235309,True,True
0.2804522802856562,0.40243088460435034,0.31711683510999356,93.60284281346044,False,True
0.37785300481321565,0.12101200147647387,0.5011349937103106,95.84102823297418,False,False
0.34509046076385774,0.061994866965585094,0.5929146722705572,93.4236679609773,False,False
0.162710714202398,0.5899256968791093,0.24736358891849267,80.01101984316733,False,False
0.02484339246367433,0.05425505570072733,0.9209015518355984,42.88299468755409,False,False
0.22482162481058363,0.4988722114025063,0.2763061637869101,87.70977783406693,False,False
0.12342002493334342,0.7318211276643894,0.14475884740226722,73.18092965845202,False,False
0.7144599326205252,0.10571686917869208,0.17982319820078285,96.12294550767999,False,True
0.3970321659073148,0.211969705700304,0.3909981283923811,96.55057197849897,False,True
0.4891732712927132,0.22864068771339632,0.28218604099389055,96.75893542303858,False,True
0.7889934081497655,0.13016967840678684,0.08083691344344747,96.14529452237512,True,True
0.05407645688631958,0.7606132954999455,0.18531024761373494,68.78426793463012,False,False
0.3153038106234695,0.21410889073848696,0.4705872986380435,95.33864872174414,False,False
0.06445233984292886,0.893072188913565,0.04247547124350614,67.78616413631194,False,False
0.212999517804241,0.6646610450406065,0.12233943715515236,81.0035779081686,False,False
0.3654636283876067,0.5678213818324872,0.06671498977990611,91.51996760322734,False,True
0.30688401005629407,0.018714277391423957,0.6744017125522821,89.05781419930871,False,False
0.06468779609105924,0.7586314202627737,0.17668078364616704,69.31202172727447,False,False
0.06633785805202681,0.08461452704057695,0.8490476149073962,52.4535435118071,False,False
0.1981247714681892,0.5275817434098911,0.2742934851219198,85.61809509563429,False,False
0.6117892412887967,0.104927114374641,0.2832836443365622,96.50582492765535,False,False
0.40000980101942296,0.2922569782797211,0.30773322070085596,96.25141624678207,False,True
0.44673642838081234,0.39555911979064823,0.15770445182853943,96.12934571630134,True,True
0.07401723186399,0.18001761893687662,0.7459651491991335,64.59235170254227,False,False
0.10953668288940602,0.2579522420849524,0.6325110750256416,77.0240820410926,False,False
0.474797919325646,0.4833562486417043,0.04184583203264985,95.66224834902302,False,True
0.06615118349614112,0.7374651413423102,0.19638367516154867,69.75843391095638,False,False
0.738106942550697,0.027681032241970393,0.23421202520733267,96.05728039428193,False,False
0.1332905490328033,0.1406412979235419,0.7260681530436548,73.09434356016517,False,False
0.4673592746248702,0.2293165459990083,0.30332417937612155,96.78746140567429,False,True
0.32528196872790766,0.6500662988218708,0.024651732450221453,87.43830547327372,False,False
0.43095866218308876,0.4013286694721446,0.1677126683447666,95.92970885156862,True,True
0.283668463257202,0.6797444079977792,0.036587128745018634,84.2669497676026,False,False
0.747517213738241,0.06207117757592866,0.19041160868583015,96.09285793859345,False,False
0.14813183328883317,0.05010414010826106,0.8017640266029057,65.49487691934608,False,False
0.4564925754612372,0.5296434517280041,0.01386397281075868,94.41792262610986,False,True
0.7574050585710723,0.17695506202942757,0.06563987939950004,96.19982614524271,True,True
0.0678742655306007,0.32854371199905014,0.6035820224703491,73.8554244668376,False,False
0.6567637703060503,0.2100397589231599,0.1331964707707897,96.47283568993181,True,True
0.0021945151708433358,0.14996125862770968,0.8478442262014468,46.871969249746584,False,False
0.5182560595842252,0.10532059315128248,0.37642334726449217,96.67665407333058,False,False
0.234588804072832,0.2954612968875752,0.46994989903959267,91.410668027078,False,True
0.03605044856583631,0.27916467009977197,0.6847848813343917,66.45043260867304,False,False
0.011229179221704131,0.535970968613464,0.4527998521648318,69.36494816352338,False,False
0.07104362101913507,0.642060674648042,0.28689570433282297,71.81113947415867,False,False
0.2505232718884769,0.21468273188459602,0.5347939962269271,92.4423323626718,False,False
0.8936242630522927,0.05498185951341375,0.05139387743429351,95.92887257378173,True,True
0.03768979797306636,0.18759379971078574,0.7747164023161479,57.5917034347611,False,False
0.20450476448734922,0.023316561494333227,0.7721786740183176,76.45158612734858,False,False
0.7094910427347807,0.028533369241844412,0.2619755880233749,96.07887055324257,False,False
0.10868051932051405,0.2336953161646129,0.657624164514873,76.04506773457747,False,False
0.08697833426284891,0.6755120647857205,0.2375096009514306,71.91631939844002,False,False
0.3385263259953205,0.3137577348406688,0.34771593916401067,95.81514087917192,False,True
0.10760553110766473,0.17185271390120932,0.7205417549911259,70.71957079898792,False,False
0.09507387315540197,0.7852068352386635,0.11971929160593454,70.16288224865538,False,False
0.16069731282176783,0.2713100338682123,0.5679926533100199,84.53554055650378,False,False
0.030369029567307713,0.6248210403070171,0.3448099301256753,69.67890805456388,False,False
0.4367524714456738,0.4719448474275747,0.09130268112675162,95.36886312815713,False,True
0.2967897263674835,0.2676289593317508,0.43558131430076574,95.04484097694849,False,True
0.2957304256102315,0.3114797862187754,0.392789788170993,94.6612557200751,False,True
0.32293156238562304,0.09945521002938354,0.5776132275849934,93.36947736254844,False,False
0.0028788262672042137,0.5572125591767598,0.43990861455603597,68.6424240971753,False,False
0.02852641543232863,0.5310597420898623,0.44041384247780907,70.85724275092882,False,False
0.8726977195014792,0.05839254355861062,0.06890973693991008,95.92887257378173,False,True
0.4594411592291928,0.09367603598972687,0.44688280478108017,96.4382235861232,False,False
0.4378610247248983,0.12646113716459212,0.43567783811050953,96.44793911766722,False,False
0.07974322290744539,0.09614610363366229,0.8241106734588922,55.9649166338125,False,False
0.0026324311858598685,0.6507279881620295,0.34663958065211065,68.00393109343212,False,False
0.34364580037111575,0.14615067925830313,0.510203520370581,95.14853638571091,False,False
0.3601537466340701,0.3185785333843921,0.32126771998153764,95.94199437280554,False,True
0.07180080578640778,0.011213633416568378,0.9169855607970239,46.149306659814144,False,False
0.17906524502884483,0.3692953850616079,0.45163936990954723,86.37111182549386,False,False
0.02419972231484999,0.8508612502913804,0.12493902739376958,66.60848495472496,False,False
0.21963001331439105,0.23434793216402483,0.546022054521584,89.97827297275136,False,False
0.5354280861082742,0.36534001012913603,0.09923190376258986,96.25829109180845,True,True
0.014276934759698778,0.45715651632935983,0.5285665489109412,69.97599511353447,False,False
0.05480662413813857,0.4020390695902998,0.5431543062715618,73.54483708109493,False,False
0.4148971790972953,0.4534771658143359,0.1316256550883688,95.21154359972398,False,True
0.2046308277669378,0.48925534153463957,0.30611383069842263,86.70664144275405,False,False
0.08727801602508453,0.0036501538555972256,0.9090718301193182,48.05489526837537,False,False
0.1202163570638303,0.10505935812366662,0.774724284812503,65.90837415581422,False,False
0.25725549253427143,0.06336339842931878,0.6793811090364097,86.32526786338637,False,False
0.019063837316560774,0.8123795018564616,0.16855666082697776,67.0585514380438,False,False
0.43548929365349015,0.351532437534425,0.21297826881208495,96.30714981664784,True,True
0.34731120136739013,0.4802313443665644,0.1724574542660454,93.47369766803456,False,True
0.7193703575113353,0.13038729989768516,0.1502423425909796,96.2371711820519,False,True
0.22035988951927488,0.41471271857446057,0.36492739190626455,89.68401874410485,False,False
0.03745283050659062,0.10341754548392745,0.859129624009482,49.120362987784894,False,False
0.32756210426963994,0.4830839103004885,0.18935398542987159,92.66208407608787,False,True
0.7956277004302669,0.05475660177700349,0.14961569779272957,96.01471618764027,False,False
0.634804415514646,0.13904557637968587,0.22615000810566827,96.50942031200933,False,True
0.15987657966440533,0.11784524536836079,0.7222781749672339,76.92081444471012,False,False
0.22220118941248465,0.34119439237055205,0.4366044182169632,90.70082621481424,False,True
0.13895475861969517,0.14485126151034833,0.7161939798699566,74.50157396093803,False,False
0.5563951226532275,0.42156870494776433,0.022036172399008038,96.02671671339834,True,True
0.282681472703061,0.09697859053620841,0.6203399367607306,90.8073344392709,False,False
0.06484956585073166,0.5070711295078667,0.4280793046414017,73.73994728719073,False,False
0.34927913039633707,0.5137642565980199,0.13695661300564294,92.39342164629537,False,True
0.3160490225178458,0.38259573134929487,0.3013552461328593,94.39354025894102,False,True
0.10919262269522981,0.13907096446471054,0.7517364128400597,67.91610006253059,False,False
0.2969576717746207,0.6371139437133149,0.06592838451206444,86.21979566720971,False,False
0.19540873344284584,0.29186685320308436,0.5127244133540697,88.16122524882294,False,True
0.285723597492901,0.34114549368272445,0.37313090882437444,94.03950896123997,False,True
0.3183305770586175,0.46286531629340655,0.21880410664797606,93.13609099397593,False,True
0.2944207261103743,0.356639318790148,0.3489399550994779,94.32667079708767,False,True
0.05113548795385233,0.015665343654783264,0.9331991683913643,43.35720406689772,False,False
0.13677592205557546,0.07507477678111969,0.788149301163305,65.80397052285927,False,False
0.16484059486016522,0.5715393823919631,0.26362002274787155,80.50628792613564,False,False
0.3844725974211165,0.5125575382794235,0.10296986429946015,93.54704626219255,False,True
0.3378987625138087,0.15060624387350904,0.5114949936126824,95.14853638571091,False,False
0.2705451729051992,0.14856445530811965,0.5808903717866811,91.84100761690426,False,False
0.4169359341327194,0.43735021690399534,0.1457138489632852,95.53080991308622,False,True
0.334452483567104,0.5493092620217624,0.11623825441113353,91.01030499761929,False,False
0.3693736260892223,0.07711867807677605,0.5535076958340015,95.07326388399787,False,False
0.38594589850033206,0.21310552975853497,0.40094857174113296,96.36068307529804,False,True
0.25628223529927496,0.02228545860380929,0.7214323060969158,83.667115613513,False,False
0.45704716088273706,0.3944705406304642,0.14848229848679884,96.12288474249193,True,True
0.5269584617497562,0.12462455620829668,0.34841698204194727,96.58058697578907,False,False
0.3270094681368931,0.6654015391655574,0.00758899269754934,86.81324659767995,False,False
0.10641704208685922,0.05673588873228656,0.8368470691808543,56.71105836471811,False,False
0.2001432624965284,0.2633366564788493,0.5365200810246222,88.1538576768842,False,False
0.03672535990479949,0.12157824804317711,0.8416963920520234,50.87325386455402,False,False
0.5301776290967458,0.15014190172506084,0.3196804691781934,96.6063707664727,False,False
0.24430477310359675,0.58831224529327,0.16738298160313334,85.34951326800476,False,False
0.4385065702139602,0.225770423423705,0.3357230063623348,96.59798494373936,False,True
0.34465370168685666,0.14908997795291706,0.5062563203602264,95.21413829872594,False,False
0.347871537617355,0.3330586555801397,0.31906980680250524,95.77677563456429,True,True
0.3933792892790864,0.5110255070062684,0.09559520371464521,93.80737862116322,False,True
0.1023561105056984,0.32717639103521184,0.5704674984590897,78.37460989001525,False,False
0.5347218786665041,0.3438030012768553,0.12147512005664048,96.32723587113597,True,True
0.06826285074914083,0.7093546414936993,0.22238250775715984,70.42832303368033,False,False
0.7567607893830997,0.050966338002602016,0.19227287261429843,96.05019862675164,False,False
0.5967185956360046,0.1804404987530868,0.22284090561090852,96.66612843513198,False,True
0.7995542463387479,0.02430592286364912,0.17613983079760315,96.00394357639715,False,False
0.12566814726120035,0.05523134609111565,0.819100506647684,60.47870210591788,False,False
0.5123093661755244,0.13932783303790452,0.34836280078657095,96.6036296465959,False,False
0.5780398717925798,0.21458809507072313,0.207372033136697,96.57695063260866,True,True
0.7000424935220629,0.28245897595780184,0.017498530520135072,96.25818680952311,True,True
0.7142636725923556,0.01537723676095917,0.2703590906466854,96.07887055324257,False,False
0.1289155223855985,0.12637913601386755,0.7447053416005339,70.66022947451708,False,False
0.10181910158668217,0.784559167864876,0.11362173054844191,70.65187450307948,False,False
0.303832863359984,0.2635781285233145,0.4325890081167015,95.25571580184253,False,True
0.2647910479792838,0.6770360703579991,0.058172881662717016,83.66409292540865,False,False
0.4338312467113714,0.07881313111395773,0.48735562217467093,96.33530535958104,False,False
0.3978404784436527,0.26474054020205245,0.33741898135429504,96.38932722409788,False,True
0.4361659815578704,0.12251154441115669,0.44132247403097286,96.44948695753429,False,False
0.7427331247137987,0.2234809424161569,0.033785932870044375,96.29602794250765,True,True
0.5464813969147049,0.08485940626626767,0.36865919681902753,96.54379324206117,False,False
0.14701954454596353,0.8021178676125873,0.05086258784144925,73.09370222172639,False,False
0.3659421649755679,0.30862843140519985,0.3254294036192323,96.0450328682045,False,True
0.6723480279481431,0.19505472053497294,0.13259725151688387,96.48990321469194,True,True
0.019808896891668898,0.3383575369317111,0.6418335661766199,67.76327361949754,False,False
0.9083859835582734,0.039642029431069106,0.05197198701065752,95.92887257378173,False,True
0.0951140688157692,0.744060495811711,0.16082543537251984,71.23366660354786,False,False
0.42669805044385445,0.1159161173195529,0.45738583223659257,96.39905401751972,False,False
0.010929060471362557,0.8476309434449043,0.14143999608373312,66.15901366208269,False,False
0.8874573096062036,0.0800833870551423,0.032459303338654044,95.76345648701793,True,True
0.7923438952011077,0.044220444783465034,0.1634356600154274,96.02779729055324,False,False
0.557456929463265,0.12205360850187932,0.32048946203485573,96.54396112103981,False,False
0.042467507989518406,0.1520196634124083,0.8055128285980732,54.72179643803382,False,False
0.3183746111814978,0.36010476228081817,0.32152062653768404,94.87852431278036,False,True
0.8096870791743749,0.1519990229690645,0.03831389785656072,95.97972012889662,True,True
0.6980024960633874,0.2550086327339428,0.04698887120266973,96.29302761116568,True,True
0.4044508026253046,0.30583443461539067,0.2897147627593048,96.21251631960665,True,True
0.11301450884279576,0.6492276012033117,0.23775788995389271,73.99612600595043,False,False
0.14761643515515882,0.47287477399008504,0.37950879085475625,81.92062624397526,False,False
0.3131813400926434,0.23538222014692092,0.4514364397604356,95.24208571639036,False,True
0.48560987787484217,0.3709216643805574,0.14346845774460043,96.14713771432513,True,True
0.11230620809754757,0.8587176849979512,0.028976106904501323,69.856111369324,False,False
0.06623843318266523,0.5975402720570938,0.336221294760241,72.23497078566533,False,False
0.32533331960963346,0.3109990767789532,0.3636676036114133,95.62494287897316,False,True
0.24496445761252453,0.36330605431900326,0.39172948806847213,92.44185733627923,False,True
0.14511848085717827,0.09612181404365529,0.7587597050991663,71.09231228750197,False,False
0.035820835021002445,0.5923365763410336,0.3718425886379639,70.30574706822112,False,False
0.10250136802557067,0.32889996980227076,0.5685986621721585,78.43436574574959,False,False
0.02048450660796304,0.3609896451966935,0.6185258481953435,68.69995270971415,False,False
0.6076617379369271,0.032856895219668066,0.3594813668434048,96.37791133414146,False,False
0.08066140334535261,0.8529579725490595,0.06638062410558787,68.75490578905237,False,False
0.3954014285254785,0.381389523802561,0.22320904767196048,95.73724363678305,True,True
0.4170371030369896,0.1758352533439244,0.40712764361908604,96.47738402775882,False,False
0.2778788794239643,0.6880478335954127,0.03407328698062295,83.86304149908402,False,False
0.5446670734773812,0.34002810304609016,0.1153048234765285,96.27477766497505,True,True
0.6169527455520025,0.019037947507016116,0.3640093069409814,96.24962452189621,False,False
0.17248438584768308,0.10123499701755406,0.7262806171347629,77.67570927357231,False,False
0.17528957405185586,0.8041827703430707,0.020527655605073233,74.17505502649668,False,False
0.31517283905622623,0.12629989424046528,0.5585272667033085,93.5945602140329,False,False
0.05313669096704721,0.4546698344846152,0.4921934745483377,73.3571592903717,False,False
0.44803383488179543,0.45200097742041895,0.0999651876977856,95.61925463053001,False,True
0.3626023709217609,0.18986736030619258,0.44753026877204655,96.15088161778847,False,False
0.46525912753593707,0.4404337548328004,0.09430711763126258,95.95555027303985,True,True
0.9541255145619689,0.025719180062974512,0.02015530537505649,95.77544972114592,True,True
0.0014236811860554794,0.21079721520697464,0.7877791036069698,53.26230281339074,False,False
0.1264787246094048,0.10368908090846529,0.7698321944821299,67.19708168346641,False,False
0.183693572300401,0.8023529246488097,0.013953503050789436,75.85181616719527,False,False
0.5886241556963022,0.19879654548124245,0.21257929882245521,96.57695063260866,False,True
0.5868980716404333,0.1027859947610318,0.31031593359853504,96.51213504559101,False,False
0.0226783109247018,0.036544380107280054,0.9407773089680181,40.878482289666806,False,False
0.10596299188749726,0.710339973085555,0.1836970350269479,72.28420688126074,False,False
0.5537203072754263,0.2608719907469269,0.1854077019776467,96.57817567716424,True,True
0.22982132665294244,0.6936947313285495,0.07648394201850815,81.00867947966239,False,False
0.6781877332058635,0.32100164454387475,0.000810622250261817,96.21184133779278,True,True
0.6964081701975632,0.25936957600683525,0.04422225379560153,96.29302761116568,True,True
0.060659983168336824,0.006335490694541265,0.9330045261371219,43.79574752074975,False,False
0.081533228182438,0.5819341739134182,0.33653259790414375,73.39697550266187,False,False
0.10337838456569473,0.34280958126274097,0.5538120341715642,78.87542497124791,False,False
0.26240227498959917,0.2898077944024962,0.44778993060790456,93.67355063192285,False,True
0.8105646303846801,0.10270352397061448,0.08673184564470539,96.10947491496715,True,True
0.010677496503227926,0.40136472840534393,0.5879577750914281,68.4415390423652,False,False
0.29089685819612154,0.12239260028351825,0.5867105415203604,92.14350895371494,False,False
0.08437446403871339,0.19720664394799425,0.7184188920132922,68.33022319112636,False,False
0.47289310754690334,0.26399002892548024,0.2631168635276164,96.72579906716385,True,True
0.613008184157968,0.07399798743305026,0.3129938284089816,96.29554909282022,False,False
0.6597337888930775,0.33146643765831724,0.008799773448605306,96.23506198621963,True,True
0.10622185172624311,0.49350129068087856,0.40027685759287834,77.17964121803628,False,False
0.5755891449241197,0.04855602436826072,0.3758548307076195,96.39890318089192,False,False
0.6189240244553191,0.038230496769786765,0.34284547877489424,96.29717922087815,False,False
0.25866704589377576,0.3147381775128875,0.42659477659333667,93.51271838474383,False,True
0.14185071536061897,0.6000845836081079,0.25806470103127316,77.51112953805001,False,False
0.0498219248333849,0.35047480604039777,0.5997032691262174,72.25606287655668,False,False
0.1791731738122393,0.457472840560199,0.36335398562756166,85.56316922479314,False,False
0.23017454928372993,0.04859723536810766,0.7212282153481625,81.81743155070627,False,False
0.7273946342209239,0.163106603810339,0.10949876196873697,96.39226328459905,True,True
0.22996553467116373,0.6318691096837574,0.13816535564507873,82.75284002789772,False,False
0.4471458679945445,0.47573442691334256,0.07711970509211315,95.47242013997102,False,True
0.027823400182462064,0.04468232761321711,0.9274942722043209,42.741865551452456,False,False
0.4233041978998079,0.33930272065646755,0.23739308144372454,96.24202262177536,True,True
0.01651091278280867,0.022936778371706077,0.9605523088454853,38.86222580330039,False,False
0.017503404739827918,0.8405999806455613,0.14189661461461092,66.56887184382818,False,False
0.2864631384146381,0.05192567182144169,0.6616111897639203,88.99361328235412,False,False
0.5244696670613289,0.28372723014427426,0.1918031027943969,96.5676382508025,True,True
0.5016679627908562,0.3165104986359413,0.18182153857320255,96.59468423855881,True,True
0.041931881338848044,0.5297046041391672,0.4283635145219847,71.8551127265132,False,False
0.2690757377731588,0.7165004985900152,0.014423763636826034,82.61688667072318,False,False
0.5677754472195572,0.38379853680282944,0.0484260159776136,96.16510679319781,True,True
0.0030075242294850322,0.14802975611057778,0.8489627196599372,46.871969249746584,False,False
0.352529036367231,0.4894230560923377,0.15804790754043124,93.38535782412981,False,True
0.8046495971396317,0.15873413162219663,0.03661627123817161,95.97972012889662,True,True
0.28075962771225277,0.6353896494861749,0.08385072280157223,85.493150125707,False,False
0.42963245238025255,0.3811522139810628,0.18921533363868462,96.1546034570447,True,True
0.23889428649803418,0.6390077356905481,0.12209797781141767,83.25070196874019,False,False
0.008560571193009138,0.4963287913965266,0.4951106374104642,69.35140089549368,False,False
0.3201494722391499,0.43125945110669966,0.2485910766541505,94.06214039928487,False,True
0.4068770452727301,0.3082614396513217,0.28486151507594815,96.21251631960665,True,True
0.07201100925710972,0.21311367901303338,0.7148753117298569,67.79532793454301,False,False
0.7925607600659138,0.19220594444295752,0.015233295491128567,96.0433562470232,True,True
0.11057895274459704,0.6125684551248956,0.27685259213050756,75.00871391469146,False,False
0.6162356060140248,0.26442622355462847,0.11933817043134677,96.32285540364957,True,True
0.8483877607947342,0.10314389381564326,0.04846834538962267,95.92616077425586,True,True
0.37723447544855565,0.13755313921861864,0.4852123853328257,95.9123444704804,False,False
0.06087939897105856,0.8992229012994004,0.03989769972954103,67.48945053066812,False,False
0.11035216259628775,0.0009404383392641496,0.8887073990644481,51.518669653703434,False,False
0.050448047361762394,0.9248776860560967,0.024674266582141047,66.81963730381514,False,False
0.24466936642972484,0.7037291645674347,0.05160146900284039,81.33171466273937,False,False
0.07403890623614313,0.35559314627142435,0.5703679474924327,75.70661157707565,False,False
0.2847669310539585,0.221404997558391,0.49382807138765056,94.23220119289951,False,False
0.2599221304746269,0.07020096836420565,0.6698769011611674,86.88582611944659,False,False
0.04784699127693319,0.16292924034373846,0.7892237683793285,56.843000709857414,False,False
0.44391825489272146,0.46450532905819,0.09157641604908859,95.58748085358413,False,True
0.5857307172661427,0.0821481549737651,0.3321211277600923,96.52801496672332,False,False
0.013222498574630068,0.4570460640341985,0.5297314373911715,69.83397774309277,False,False
0.340165962593697,0.20283028170776018,0.45700375569854285,95.56139018561524,False,False
0.11945958545066689,0.7153351067052104,0.16520530784412268,73.24508837858846,False,False
0.05451644678246775,0.60205109802493,0.3434324551926023,71.40353014991129,False,False
0.654423455380878,0.10197053480203369,0.24360600981708835,96.27949580985472,False,False
0.2644984685651549,0.10601802724686299,0.629483504187982,89.61177895578513,False,False
0.039459202469066604,0.3171658934257533,0.6433749041051802,69.34679121843192,False,False
0.18847903622113826,0.2766729467674105,0.5348480170114512,87.36691664847507,False,True
0.9204084851734939,0.02045561038250475,0.05913590444400133,95.90640077261303,False,False
0.297799739167892,0.03485749856042733,0.6673427622716808,89.0168935804666,False,False
0.3419888607035545,0.08155941737092053,0.5764517219255251,94.03202711132451,False,False
0.8846754204020298,0.08142841643540037,0.033896163162569756,95.76345648701793,True,True
0.17026796094627208,0.7301013721521259,0.09963066690160201,76.60979330086629,False,False
0.4533065303719213,0.4418193676980171,0.10487410193006157,95.89002002618095,True,True
0.5221936834372282,0.2561042382699546,0.22170207829281705,96.64737063801972,True,True
0.18853447917087776,0.7109795090220431,0.10048601180707924,78.51844951838417,False,False
0.7162596155949787,0.10346399462292769,0.1802763897820935,96.12294550767999,False,True
0.6876422766972521,0.25203622236712925,0.060321500935618604,96.29302761116568,True,True
0.42613722686758154,0.06365206475703782,0.5102107083753807,96.033149264474,False,False
0.42169164981871365,0.0035935705421631923,0.5747147796391231,95.03491865178115,False,False
0.4341515667934822,0.20214111765341394,0.36370731555310387,96.57156448680905,False,True
0.49789648931355374,0.15365131808959534,0.34845219259685095,96.67406381124094,False,False
0.3187352815258841,0.635800454858253,0.04546426361586297,87.7678618215129,False,False
0.9788742081361672,0.017704952036186074,0.003420839827646774,95.6251052010535,True,True
0.1682159538353865,0.7591096124768086,0.07267443368780481,75.66091517508134,False,False
0.6381546801622575,0.315089294884663,0.046756024953079546,96.30220290796878,True,True
0.20893873524728443,0.14755503559981709,0.6435062291528986,85.72974283858503,False,False
0.729921508330636,0.1254692709560972,0.14460922071326687,96.20366012940985,False,True
0.14718402441390005,0.00854783550801143,0.8442681400780885,59.605217440693494,False,False
0.0753841524812704,0.3956835591014316,0.5289322884172979,75.46604497387354,False,False
0.16466893379510536,0.684937924761566,0.15039314144332863,77.82704891043531,False,False
0.2193284967535559,0.45794631564373395,0.32272518760270996,88.49669663683373,False,False
0.535937653521626,0.11334305841176233,0.3507192880666118,96.58058697578907,False,False
0.3682812342184421,0.3679354940632785,0.26378327171827926,95.55938712316284,True,True
0.110873023459867,0.08399233311091778,0.8051346434292153,60.72596703752817,False,False
0.882220747631762,0.09598575607731162,0.02179349629092633,95.87189805109344,True,True
0.07588411454289029,0.2937660619669255,0.6303498234901843,73.41281607606619,False,False
0.19558031803936676,0.14566867421363297,0.6587510077470002,84.05622941497757,False,False
0.4260192875876677,0.5375437723151479,0.036436940097184393,93.88466080359392,False,True
0.09961865472496767,0.8217988591608907,0.07858248611414172,70.08575763765975,False,False
0.5966274494209617,0.03945211599757097,0.3639204345814674,96.34458391725238,False,False
0.0925267306837496,0.43749344759172076,0.4699798217245296,77.50296462034176,False,False
0.5362046486991335,0.040084814641189764,0.4237105366596766,96.51332640989109,False,False
0.09253721700065667,0.24402702625613906,0.6634357567432044,73.82374509167643,False,False
0.22458099392644298,0.25558831405761967,0.5198306920159373,91.16235012653625,False,False
0.01812313726151923,0.5086712914636028,0.47320557127487795,70.20036490612357,False,False
0.3000946961956629,0.6934866902862912,0.006418613518045874,84.41420688792206,False,False
0.13873854041581682,0.1121419095690116,0.7491195500151716,71.14570526880885,False,False
0.23895622304725955,0.6038284742743485,0.1572153026783919,84.1477036469935,False,False
0.21378738903419292,0.44933043412081247,0.3368821768449946,88.18279441584426,False,False
0.0025147561044816004,0.04769746051397786,0.9497877833815406,39.31926622504211,False,False
0.4978540674523305,0.35980954851416375,0.14233638403350576,96.22879727835473,True,True
0.005427744480403409,0.6166165785992263,0.3779556769203703,68.41425286869341,False,False
0.41547411822372016,0.38077172075262317,0.20375416102365665,96.00393552887387,True,True
0.41546700021405325,0.07448554427858423,0.5100474555073626,95.9191541190559,False,False
0.21441501330554744,0.0919518258136594,0.6936331608807932,83.06980887878842,False,False
0.28071787258970654,0.036156909571778764,0.6831252178385147,86.710480828757,False,False
0.2099900902261244,0.0785300073531337,0.7114799024207418,81.49798853307433,False,False
0.18127366313617183,0.5300128286833262,0.2887135081805019,83.56594160145396,False,False
0.14346898843333541,0.6797853485837202,0.17674566298294436,75.69958287481604,False,False
0.2844198636179323,0.3717700965574068,0.34381003982466096,94.10352434867416,False,True
0.30785416344028593,0.5026699162542883,0.18947592030542587,91.48358576516551,False,False
0.45118459403941397,0.07270903456293296,0.476106371397653,96.3281876624421,False,False
0.20837397734919433,0.3806732919488223,0.41095273070198324,89.3739689976784,False,False
0.2804042361329739,0.4918983243379652,0.22769743952906094,91.1871676924055,False,False
0.023284717718814053,0.8957384694740672,0.08097681280711871,65.91459721388223,False,False
0.09549607364432827,0.4811398739680149,0.4233640523876568,76.42681780557716,False,False
0.21643469542214444,0.31080335626611355,0.4727619483117421,90.61039751571404,False,True
0.18600356150356098,0.6376495989172856,0.17634683957915348,80.47621766899415,False,False
0.6213215698126817,0.230561110706455,0.14811731948086324,96.4900590666308,True,True
0.5842727479976145,0.05950380448938606,0.3562234475129995,96.36229868897773,False,False
0.00510006514505341,0.23593363499883419,0.7589662998561124,56.49647614333377,False,False
0.5819671113867501,0.26320570500947615,0.15482718360377368,96.57518185358272,True,True
0.5336488253004859,0.3384811458327937,0.12787002886672033,96.30115738514665,True,True
0.19314068309046328,0.08856868969931535,0.7182906272102212,79.98357081891807,False,False
0.0009542910949660394,0.8705707997920539,0.12847490911298018,65.46114748361285,False,False
0.5761542687545068,0.36248622109451784,0.06135951015097539,96.20549107387309,True,True
0.1859982708348067,0.7179751359423853,0.09602659322280815,78.02028836227154,False,False
0.12909082430344962,0.4011208248195174,0.469788350877033,81.8258014686433,False,False
0.9077072302425969,0.07169907986998467,0.020593689887418328,95.76345648701793,True,True
0.6994373093259415,0.20893033804065603,0.09163235263340236,96.33364572720944,True,True
0.512327772292892,0.4693610532505743,0.018311174456533835,95.89515450239374,True,True
0.020880019525154756,0.09478983131865797,0.8843301491561872,45.27371456407563,False,False
0.2813069694021999,0.6748628800236047,0.04383015057419534,84.29398669269733,False,False
0.20784211200155744,0.2109543359913851,0.5812035520070573,88.84854195457184,False,False
0.111531046569853,0.845366628791736,0.04310232463841087,70.05447018112194,False,False
0.49587696963703326,0.030599539674640918,0.4735234906883259,96.46513292424986,False,False
0.117467345111007,0.8661963695051764,0.01633628538381661,70.03209714329446,False,False
0.18127432519103917,0.666573753229526,0.15215192157943486,79.39691514806161,False,False
0.8378185248280566,0.044994647827770955,0.1171868273441725,95.99257273399158,False,False
0.21738063836630347,0.4708674763693844,0.3117518852643123,88.11711508155005,False,False
0.020244486953178438,0.6854318309089921,0.29432368213782945,68.30661415568848,False,False
0.6321521756778978,0.0687604679058799,0.29908735641622214,96.26893817395155,False,False
0.23819870358410478,0.6860118459833299,0.07578945043256534,81.52040961133434,False,False
0.2985694933407068,0.4365848793451583,0.26484562731413486,93.5990238264571,False,True
0.336230831600737,0.11982239059781691,0.543946777801446,94.69830481079688,False,False
0.19404106199285026,0.6986152949672784,0.10734364303987161,79.02679775642389,False,False
0.17031219623504534,0.8295398866158488,0.00014791714910596153,73.26317774795683,False,False
0.799423526934128,0.003803564215556666,0.19677290885031548,95.9688480547004,False,False
0.3324993864627361,0.5530453463440627,0.11445526719320137,90.94402766321215,False,False
0.6061986684206864,0.27156843469399095,0.12223289688532277,96.32701307400478,True,True
0.2769018520951171,0.2226973252661461,0.5004008226387369,94.13900752300074,False,False
0.42471299736620505,0.28833737135658266,0.2869496312772123,96.36803954168212,True,True
0.021085841547391574,0.9772229557523855,0.001691202700222911,65.12131156646949,False,False
0.2687537432053965,0.3391099493735972,0.39213630742100625,93.70412149915876,False,True
0.9449095173940445,1.3249006605012952e-05,0.05507723359935035,95.94920918818019,False,False
0.2730674253785046,0.3255408810227354,0.4013916935987601,93.93656935378132,False,True
0.45975089975630135,0.11957128136186077,0.420677818881838,96.49727646569048,False,False
0.5238088795388373,0.43921242028672053,0.03697870017444226,96.02628770468336,True,True
0.11103700963452713,0.0708970568570741,0.8180659335083987,59.06465028248885,False,False
0.5737807229256153,0.28988360623779513,0.13633567083658962,96.43012634431284,True,True
0.05755914924491385,0.8790695353963875,0.06337131535869862,67.82092457957218,False,False
0.6620602675950558,0.22443468849742074,0.11350504390752351,96.2889056204599,True,True
0.004233097291403952,0.45263018832022095,0.5431367143883752,68.64133157291948,False,False
0.7980710247679488,0.14836079435587282,0.05356818087617834,95.97972012889662,True,True
0.24220418142898262,0.010362300839182492,0.747433517731835,80.61137929314364,False,False
0.3529680802803329,0.22392096177217086,0.4231109579474962,95.99139786701436,False,True
0.20039094203282415,0.585797552976338,0.21381150499083798,82.98616162033316,False,False
0.763861327746244,0.11124636910839794,0.12489230314535808,96.10947491496715,False,True
0.1390698314515573,0.18299126908036364,0.677938899468079,77.83725727323744,False,False
0.1325361494726577,0.18220198842025329,0.6852618621070891,76.5772523821272,False,False
0.5706225036575607,0.3334937742473982,0.09588372209504104,96.2719251139454,True,True
0.44730459167675257,0.08300945217209217,0.4696859561511554,96.3499034388337,False,False
0.6179875286153742,0.35016242063810865,0.03185005074651706,96.25267909372943,True,True
0.14316046046621922,0.1931092226473465,0.6637303168864344,79.1886883694303,False,False
0.725909084622579,0.02328229448100143,0.25080862089641964,96.0230329320309,False,False
0.5496544233586712,0.223369401154456,0.22697617548687268,96.59193355644501,False,True
0.1413583909397747,0.26310757921559613,0.5955340298446291,81.9237976154971,False,False
0.3803823876490819,0.5897281375316029,0.02988947481931542,91.3756951106685,False,True
0.5132519796292316,0.4133861653627553,0.07336185500801307,96.13243659222138,True,True
0.4553436562728439,0.45931071061356554,0.08534563311359045,95.5949896662092,False,True
0.07979188107907795,0.5032868520464425,0.4169212668744795,74.77329929299013,False,False
0.5875071772865907,0.16124124531219686,0.25125157740121257,96.6385200394664,False,True
0.43636038471422767,0.3276405903623535,0.23599902492341887,96.41870401069987,True,True
0.5436149697732434,0.24501335147234224,0.21137167875441432,96.54063485960513,True,True
0.018148631069660758,0.4520976859618099,0.5297536829685293,70.23995769517576,False,False
0.700987192035525,0.2382806679705422,0.06073213999393295,96.25410254085328,True,True
0.384887355056519,0.06541756179711579,0.5496950831463652,95.24968329645583,False,False
0.012592853972266952,0.06739814564855567,0.9200090003791774,41.875375082624,False,False
0.5340897833948329,0.003531294618353523,0.46237892198681346,96.28751268405414,False,False
0.2342608526215626,0.13668901603826622,0.6290501313401711,88.11689259249104,False,False
0.26019506981189194,0.377756532793626,0.36204839739448214,93.32599357812967,False,True
0.006127565789933471,0.10121371527044412,0.8926587189396223,43.31749013147887,False,False
0.6526895698156588,0.20310190188463223,0.14420852829970895,96.53479917338036,True,True
0.14993031300501647,0.15182889558130777,0.6982407914136757,77.65949006074001,False,False
0.016503040623864474,0.6723871818088842,0.3111097775672513,68.31982782531173,False,False
0.5363495438239287,0.311630502535358,0.15201995364071327,96.32990456422266,True,True
0.22592439628881913,0.7060798092785474,0.06799579443263346,80.45804561935942,False,False
0.19777049606768646,0.5039027701160063,0.2983267338163075,85.80410760237966,False,False
0.041825206576518816,0.5778293102239311,0.38034548319954997,71.03803046337637,False,False
0.608781904536503,0.18726046053341508,0.20395763493008193,96.58988307865283,False,True
0.5666215947239196,0.1332766135794128,0.3001017916966677,96.52638305973701,False,False
0.6599665530407812,0.02131808412036653,0.3187153628388523,96.10012048434257,False,False
0.6245857619424723,0.13321808903999127,0.24219614901753647,96.51890963340067,False,True
0.8742098079466275,0.11382731310264203,0.011962878950730471,95.92616077425586,True,True
0.003972214592338345,0.07375577030017723,0.9222720151074844,41.388325727667926,False,False
0.10874283309231357,0.7867270330259998,0.10453013388168649,70.93698108319269,False,False
0.6256140860815792,0.013077086281842535,0.36130882763657823,96.20792952714994,False,False
0.25100645650533226,0.025488251443034394,0.7235052920516333,82.98848050911938,False,False
0.3834904685517924,0.11021380649718589,0.5062957249510216,95.83053435783205,False,False
0.737254890156454,0.15058736958158295,0.11215774026196304,96.23287815767675,True,True
0.2196866600699458,0.4110574960983386,0.36925584383171556,89.67605612269924,False,False
0.28451476651899704,0.3144719387796144,0.4010132947013886,94.44944167023752,False,True
0.012629838392066467,0.5072939432701414,0.4800762183377921,69.7655096509006,False,False
0.3272361330121769,0.6228282753547182,0.04993559163310475,88.90388376907225,False,False
0.31458193233462683,0.4849553268754527,0.20046274078992043,92.48562718024945,False,True
0.07303676719041273,0.2520723750543659,0.6748908577552215,70.6113119670767,False,False
0.7915331812166201,0.18371909871417122,0.024747720069208706,96.0433562470232,True,True
0.0810980626157504,0.13989268776612795,0.7790092496181216,61.573457067447535,False,False
0.12193432266167586,0.6254382898296383,0.2526273875086859,75.6513091164978,False,False
0.1228201108628172,0.03703129806792929,0.8401485910692534,57.89122064793734,False,False
0.05139583352151318,0.5872035880623488,0.3614005784161379,71.3117549618969,False,False
0.2292721400050089,0.25304684862163623,0.5176810113733548,91.71068321973219,False,False
0.047598820390374816,0.6880679337941783,0.26433324581544687,69.54880399224244,False,False
0.5272626892082821,0.007524808635358697,0.4652125021563592,96.32807121798635,False,False
0.7170061454316119,0.16516791607196862,0.11782593849641958,96.39226328459905,True,True
0.27824476341243987,0.24926192416668957,0.47249331242087045,94.31452500226787,False,True
0.12747422035732972,0.7239831413311921,0.14854263831147807,73.85395337939123,False,False
0.3757700765516264,0.42906107245393804,0.19516885099443548,94.7242747031248,False,True
0.05805966671305124,0.8314720686290588,0.11046826465789007,68.13883907538988,False,False
0.04024738454446326,0.1056399390685578,0.854112676386979,49.63647825120443,False,False
0.12660415108167716,0.6348105176368248,0.23858533128149803,75.93963896850742,False,False
0.1358654842823953,0.7640495871470231,0.10008492857058157,73.38108976929091,False,False
0.062333627156931394,0.13378221865915457,0.803884154183914,56.68240672865126,False,False
0.8611948539126392,0.0025746218556783906,0.1362305242316823,95.94009773210435,False,False
0.11693667521040506,0.5076832479725493,0.37538007681704555,77.86447805767142,False,False
0.20285344241516612,0.7523662853125863,0.04478027227224736,77.80215877309735,False,False
0.08649077328370297,0.464949715273172,0.44855951144312495,76.34065213536732,False,False
0.7784073243355851,0.18657818443804275,0.03501449122637193,96.19982614524271,True,True
0.37184745469953406,0.5059025495954546,0.1222499957050113,93.34938973159147,False,True
0.17682340250238165,0.7831809392508768,0.039995658246741374,75.54885223893119,False,False
0.640901702108341,0.25782592662392484,0.10127237126773425,96.2889056204599,True,True
0.5778367733641705,0.37958416996772437,0.042579056668105,96.20065125714056,True,True
0.6260711842485859,0.09247217573360912,0.281456640017805,96.46895836916781,False,False
0.11981333911946745,0.6770747561061393,0.20311190477439317,74.29773377409971,False,False
0.2074177939218483,0.3945097717279866,0.3980724343501652,88.80754739501229,False,False
0.7675974746524492,0.1887110344203886,0.04369149092716214,96.22160958268518,True,True
0.026390972183572513,0.484996365475421,0.4886126623410064,71.0955508559205,False,False
0.31379452621392007,0.5487529180036365,0.13745255578244353,90.61276997531145,False,False
0.007355480396497227,0.19605687413826428,0.7965876454652385,52.548904902936144,False,False
0.5124163447577054,0.2368835163982918,0.25070013884400266,96.62292401337858,False,True
0.8478701068426477,0.10127489662370859,0.050854996533643615,95.89680123690553,True,True
0.20245785822200896,0.05799677252950561,0.7395453692484855,79.31432435217667,False,False
0.1386206378649075,0.8567184058962006,0.004660956238891925,70.93969605198393,False,False
0.21473104259384918,0.7300687542995302,0.05520020310662068,79.1622856749001,False,False
0.6859229366468073,0.29243451955637473,0.021642543796818067,96.30647138479144,True,True
0.7045432185870879,0.25024657127676786,0.04521021013614415,96.25818680952311,True,True
0.4632520377691086,0.4517017562763869,0.0850462059545046,95.84508110622942,True,True
0.10235613323509792,0.38848491659717993,0.5091589501677221,79.32195576348906,False,False
0.25061492476556013,0.15853655381171333,0.5908485214227266,90.68881342908603,False,False
0.19028482614320336,0.22575927531478474,0.5839558985420119,86.70687361188965,False,False
0.13938432960406966,0.5542999089551868,0.3063157614407436,78.78930383186017,False,False
0.3080101464517924,0.4500472466187609,0.2419426069294468,93.50222773555518,False,True
0.172204860516468,0.19874413560475912,0.6290510038787729,83.88086794381958,False,False
0.007565468472091668,0.2672040874515321,0.7252304440763763,60.14430337014517,False,False
0.3065668370318483,0.027734467094628616,0.665698695873523,89.50516877695829,False,False
0.3451554737638905,0.6391512176082472,0.015693308627862206,89.19574637001986,False,False
0.43616049079466035,0.4980215128253962,0.06581799637994347,94.77771871672913,False,True
0.056813725001665254,0.05826420611205008,0.8849220688862847,47.59805921000924,False,False
0.06573300509612882,0.8561751852096546,0.07809180969421661,68.24147555279829,False,False
0.15605114630252404,0.26395144273291493,0.5799974109645611,84.03408720271908,False,False
0.5197520142846713,0.2479357331811527,0.232312252534176,96.65424654772642,True,True
0.03627900140961254,0.4743494106607074,0.48937158792968005,72.2024396527321,False,False
0.6918101596174486,0.1334235926725336,0.1747662477100177,96.42884092505368,False,True
0.46164554855620393,0.08508149133352351,0.45327296011027257,96.38012662052492,False,False
0.11359208436198368,0.8311230508681129,0.0552848647699033,70.37231777541406,False,False
0.5009086117871225,0.3170466881304871,0.18204470008239046,96.59468423855881,True,True
0.16122663090353048,0.753351414753673,0.08542195434279647,75.42838313627259,False,False
0.4582384178792075,0.07221056897974135,0.46955101314105124,96.3281876624421,False,False
0.25420153074957735,0.22428742483207556,0.5215110444183471,92.8042198958666,False,False
0.6566746715235556,0.2970266092846075,0.046298719191836805,96.25407497632786,True,True
0.09897969116793393,0.4624800252921153,0.4385402835399508,77.52503289636827,False,False
0.5941752849881472,0.22522271565720442,0.18060199935464838,96.58063095014593,True,True
0.14823586243580286,0.06163303501451012,0.7901311025496871,67.19397688625001,False,False
0.25097418946153427,0.1537803278165143,0.5952454827219514,90.56925429470752,False,False
0.39327971543339424,0.3340055114194373,0.27271477314716835,96.12013511464616,True,True
0.6586182170798679,0.10951425330402306,0.23186752961610899,96.3153149380091,False,False
0.4499804529647358,0.36351602351671713,0.18650352351854727,96.19741793865576,True,True
0.01715019454545609,0.1787164010154319,0.8041334044391119,53.31430075540956,False,False
0.1965882730260081,0.12595738464225212,0.6774543423317398,82.9590288681845,False,False
0.6726236921841923,0.278324636094242,0.049051671721565764,96.28880609428198,True,True
0.27668693650292125,0.5605548900740718,0.16275817342300697,88.63046909889917,False,False
0.07088315490218935,0.5930994965800673,0.3360173485177431,72.6304711674639,False,False
0.425719672668601,0.2654484586911924,0.3088318686402068,96.3702839842414,False,True
0.03557374494451331,0.7380028324567397,0.22642342259874698,68.17533635421017,False,False
0.1831449404245621,0.1501538808140209,0.666701178761417,82.70048616286651,False,False
0.2913877034276481,0.5084154847680966,0.2001968118042553,90.97263375419541,False,False
0.25270638737435963,0.13061653894526537,0.616677073680375,89.76106056030304,False,False
0.7077936917456784,0.033759125113218706,0.2584471831411029,96.10917270966716,False,False
0.20069406341846555,0.16645851669057207,0.6328474198909623,85.77726919257329,False,False
0.5784148536412724,0.189028551600839,0.23255659475788873,96.62154502942299,False,True
0.09318526936019352,0.021058520882715908,0.8857562097570906,50.85450824632722,False,False
0.10345644637167717,0.1695334568901319,0.7270100967381911,69.75156601275333,False,False
0.118271532497067,0.635728796668423,0.24599967083451,75.10307740004217,False,False
0.3061559091004717,0.1368578340030488,0.5569862568964795,93.5139703801137,False,False
0.011009717089008676,0.7067134947396257,0.2822767881713657,67.77438935461427,False,False
0.19297107733747806,0.6165081872406734,0.19052073542184858,81.08052344213218,False,False
0.6269869848807512,0.2676066331130869,0.10540638200616188,96.32364909093234,True,True
0.05206237504659146,0.3549808957938626,0.592956729159546,72.88599250091008,False,False
0.407453712827539,0.19155571034185923,0.4009905768306017,96.51801353409931,False,False
0.949681834985495,0.02213619759992702,0.028181967414578086,95.95861920866324,False,True
0.10738653150225283,0.32275034286102877,0.5698631256367183,78.78620081368486,False,False
0.6356342748413708,0.22314866254061033,0.14121706261801895,96.4900590666308,True,True
0.46046018024101465,0.2845494452392353,0.25499037451975,96.65194593615631,True,True
0.5241635855935866,0.05874880684512124,0.4170876075612922,96.57576369357072,False,False
0.46405456070356005,0.1633767215038403,0.37256871779259954,96.68735258265274,False,False
0.7094669880096661,0.19519538764711128,0.09533762434322275,96.27686315800973,True,True
0.14542818240203514,0.6662807746562973,0.18829104294166749,76.17477464901621,False,False
0.012793544056293736,0.8387925526616242,0.14841390328208212,66.40685175412533,False,False
0.6603545148940345,0.041799711164766565,0.297845773941199,96.10377500912347,False,False
0.4575411852212156,0.2999950510238578,0.24246376375492637,96.6504666501801,True,True
0.7851561169739913,0.18923903411820006,0.025604848907808602,96.19982614524271,True,True
0.21638013103041895,0.6788562111084583,0.10476365786112274,80.68728970014631,False,False
0.6510174005796069,0.18314898520598116,0.16583361421441192,96.52938690146145,True,True
0.23075106526910347,0.13998503299410606,0.6292639017367905,88.0321389436325,False,False
0.12932152791346693,0.02604701110947967,0.8446314609770532,58.1808899500453,False,False
0.2730392798295226,0.49586781978020517,0.23109290039027214,90.63523620024932,False,False
0.6912979691767309,0.24079660655750423,0.06790542426576489,96.2889056204599,True,True
0.41885201736824335,0.13899264618006224,0.4421553364516944,96.41336897874736,False,False
0.026441253447564757,0.6642288788630614,0.30932986768937376,68.79962939569019,False,False
0.4600546191443117,0.2290023582669781,0.31094302258871004,96.74836599613506,False,True
0.6665032564981839,0.112981341344005,0.22051540215781104,96.3153149380091,False,True
0.30127854002945387,0.5440730938821129,0.15464836608843313,90.19475476548519,False,False
0.39745967147833644,0.48825168956638026,0.11428863895528336,94.14741250018807,False,True
0.8113077635811731,0.1749979228409966,0.013694313577830344,95.97972012889662,True,True
0.17059528957822154,0.4642977517976708,0.3651069586241076,84.77668741470562,False,False
0.4159115782798541,0.21285130995523505,0.37123711176491087,96.58243920670913,False,True
0.49925184796470395,0.05201951953205818,0.4487286325032378,96.54212917956005,False,False
0.12071886156703983,0.7074313878873321,0.17184975054562796,73.41231504163227,False,False
0.05139500104331178,0.6151201615432577,0.33348483741343055,71.09187191857161,False,False
0.899939006885009,0.059752703883617767,0.040308289231372994,95.74570308626443,True,True
0.10020932699094955,0.2270573356972199,0.6727333373118307,73.67319615682271,False,False
0.17989648735435146,0.7684643277746095,0.05163918487103913,76.40895337417035,False,False
0.017571124822275866,0.6962065625932733,0.28622231258445086,68.14110550356317,False,False
0.28072241874691084,0.10372174078354934,0.6155558404695398,90.92970348141934,False,False
0.13981759590857132,0.0741411814627842,0.7860412226286445,66.575991361426,False,False
0.6253872740575209,0.14928487467774607,0.22532785126473293,96.53846646254223,False,True
0.4505405498944555,0.14768926220007916,0.4017701879054653,96.46082784755711,False,False
0.558838406493874,0.3453742540170549,0.09578733948907125,96.29523918349093,True,True
0.007217413432417753,0.19963734997401758,0.7931452365935647,53.02273293660612,False,False
0.10902333462165546,0.0960175767130587,0.7949590886652859,62.07043238155555,False,False
0.044767039654765174,0.09839632701342221,0.8568366333318126,49.576570046861264,False,False
0.06790005998727561,0.5698983756419941,0.3622015643707303,73.0010553358794,False,False
0.6991130084485545,0.2742557926260696,0.026631198925375865,96.25818680952311,True,True
0.8511807744383864,0.025071357036980213,0.12374786852463342,95.96545766706373,False,False
0.6450156325812202,0.2198806820368318,0.13510368538194792,96.4900590666308,True,True
0.8261863403836005,0.11451944690934687,0.05929421270705245,95.92616077425586,True,True
0.10167811477872753,0.6873599286904757,0.21096195653079686,72.17251915237418,False,False
0.07781117302318502,0.885771009925432,0.036417817051382965,68.35375880714018,False,False
0.7461298845735518,0.23378533163766177,0.02008478378878645,96.25538263556342,True,True
0.45933732943463157,0.28246368253224474,0.2581989880331236,96.62773153073795,True,True
0.4032926704624309,0.3256111261210568,0.27109620341651236,96.12778980137739,True,True
0.5672414767584452,0.09072826225479658,0.34203026098675826,96.52801496672332,False,False
0.4026263044776046,0.4283985363925576,0.16897515912983768,95.13975856272026,False,True
0.5357917994753925,0.3428461433389291,0.12136205718567844,96.31869510802153,True,True
0.4611761568177283,0.39153970207978717,0.14728414110248456,96.12288474249193,True,True
0.08375540458855867,0.1262536002809079,0.7899909951305334,60.41913025338063,False,False
0.3593869341366248,0.4924979167946778,0.14811514906869724,93.49101553541381,False,True
0.6078937224222613,0.20307963125207593,0.18902664632566277,96.54513474243849,True,True
0.2612184312170928,0.2775744133635299,0.4612071554193772,93.41080419201722,False,True
0.038889429918763235,0.5484091310072438,0.41270143907399287,71.28019620751095,False,False
0.6077087213570921,0.12719813121215143,0.2650931474307567,96.50582492765535,False,False
0.4310203861742706,0.4430690366478944,0.12591057717783521,95.70426771329558,False,True
0.05393156832426072,0.4701617654678217,0.47590666620791755,73.48275220017696,False,False
0.6055598823061024,0.22990371733548912,0.16453640035840858,96.54513474243849,True,True
0.3742263640768436,0.32969706074876787,0.29607657517438857,96.03128402051198,True,True
0.037257561609286595,0.28990336829450414,0.6728390700962092,67.53355980312698,False,False
0.06784366292302432,0.5405415011416363,0.3916148359353393,73.40510758703704,False,False
0.13112533283265504,0.02448046361901847,0.8443942035483266,58.195472189802565,False,False
0.10191926277867461,0.35097651904722454,0.5471042181741008,78.80577886012053,False,False
0.0455165067308084,0.34803126712036475,0.6064522261488268,71.83702592123235,False,False
0.22198167404280666,0.27159516091964586,0.5064231650375475,90.74351007537874,False,True
0.5700203336223768,0.00040396072094219887,0.4295757056566811,96.34337095725414,False,False
0.15240739492280292,0.6696809215308642,0.17791168354633294,76.83395317764358,False,False
0.05097896049969714,0.14627473834585594,0.8027463011544469,55.28976074455599,False,False
0.3114721321998093,0.5982758798143527,0.090251987985838,89.03391135504587,False,False
0.14166128445069925,0.24921176580754162,0.6091269497417592,81.2650485749564,False,False
0.3853477982154287,0.6072100947877295,0.007442106996841794,91.02948873205669,False,True
0.06687236517103864,0.6971343431556272,0.2359932916733341,70.6667420476758,False,False
0.44834305616980497,0.23659393458874486,0.3150630092414501,96.59328009962509,False,True
0.042272259984968384,0.8651198567260128,0.09260788328901887,67.33609184884754,False,False
0.2644961845074163,0.429603765491599,0.30590005000098475,92.14720167522667,False,False
0.02741465920808617,0.2022678404445789,0.7703175003473348,57.39273778226453,False,False
0.6191015443918836,0.24782692024290984,0.13307153536520655,96.32409641449077,True,True
0.5982451276993987,0.2264598756982015,0.1752949966023998,96.54513474243849,True,True
0.5762058902278322,0.09832278315989225,0.3254713266122756,96.4990187964482,False,False
0.6101337304145544,0.18319341870172687,0.20667285088371865,96.58988307865283,False,True
0.20817599046932994,0.5771145974822777,0.21470941204839247,83.61278753168162,False,False
0.15660955292432077,0.6119181111158843,0.23147233595979494,78.95452551521129,False,False
0.39389797871923105,0.11764646502882649,0.4884555562519425,96.00733338780458,False,False
0.178388465144374,0.5402121403507544,0.28139939450487167,82.57646288320743,False,False
0.1401260815369459,0.2929647093100795,0.5669092091529745,82.77445945076676,False,False
0.1364982687970917,0.044254911168501075,0.8192468200344073,61.62897940640536,False,False
0.19870394111730788,0.5220563745791461,0.279239684303546,85.90160834239096,False,False
0.04346729143867257,0.3031683677335392,0.6533643408277882,69.137776154612,False,False
0.12299181303549245,0.5512703244815774,0.3257378624829302,77.52587543482697,False,False
0.7062500876796801,0.2496967002821722,0.04405321203814774,96.25818680952311,True,True
0.3217633390273594,0.5395498785190117,0.13868678245362887,91.06508258040023,False,False
0.056493444039013095,0.771770874045921,0.17173568191506583,68.78433146475035,False,False
0.06448576261160667,0.2456701211469282,0.6898441162414651,68.87599670972432,False,False
0.49012951545881495,0.46612601620897676,0.043744468332208394,95.83398212617361,True,True
0.44198854009899236,0.342059911462246,0.21595154843876158,96.41140530803166,True,True
0.8587034991913306,0.04354442913417426,0.09775207167449514,95.92887257378173,False,False
0.22412745047499996,0.5278323603874723,0.24804018913752773,86.70899316791221,False,False
0.39243944082403515,0.10045121765506025,0.5071093415209047,95.79908674865919,False,False
0.0032492844938909267,0.7352402047494132,0.26151051075669574,67.26012976948233,False,False
0.1998957072997065,0.6191366498375522,0.1809676428627414,81.33290784642185,False,False
0.3296387018827662,0.12362785371711071,0.546733444400123,94.66325547326592,False,False
0.35373912252636824,0.17926941000481864,0.4669914674688131,95.8766564112648,False,False
0.2592923737972219,0.6439783759945138,0.09672925020826433,84.1462510547489,False,False
0.5096962456981767,0.17290680570585468,0.31739694859596873,96.58848384576972,False,True
0.7224151245435803,0.07839971618973707,0.1991851592666827,96.09367286417657,False,False
0.522376643582509,0.13133581998305774,0.34628753643443333,96.54396112103981,False,False
0.05827400699612151,0.6422348186046188,0.29949117439925954,71.07407152207387,False,False
0.1311427489182139,0.8028089722616926,0.06604827882009355,71.5423577497377,False,False
0.16365334589416175,0.795204564732518,0.041142089373320305,73.68779898139175,False,False
0.7407861323089079,0.13445775629455642,0.12475611139653565,96.1730150206145,True,True
0.3375317138593749,0.25126459976897975,0.41120368637164517,95.68072480319088,False,True
0.27770527260352146,0.12908661116688783,0.5932081162295907,91.56958239608275,False,False
0.32513092527460563,0.6086206316792845,0.06624844304610986,89.23118971999,False,False
0.3529706347915182,0.22737458263011773,0.4196547825783642,95.99139786701436,False,True
0.08451922843784376,0.05849159521670779,0.8569891763454484,52.75571585074266,False,False
0.10266754995858256,0.5968335076957653,0.30049894234565216,74.03357638722696,False,False
0.09885847244626948,0.08065325151903259,0.8204882760346979,58.02305068194753,False,False
0.3731803653333664,0.32026247789213247,0.30655715677450107,96.06537128680318,True,True
0.46852815899764166,0.41092993260906535,0.120541908393293,96.06476118198675,True,True
0.606172171499269,0.33489899629793984,0.05892883220279104,96.25223931971347,True,True
0.5796285539434365,0.034100863721239785,0.3862705823353238,96.41310594489292,False,False
0.0630038955992073,0.12863000031329888,0.8083661040874939,56.18842912741925,False,False
0.20389717212693445,0.3212875711710365,0.47481525670202906,89.2663694246911,False,True
0.9058409044887648,0.03953174178188828,0.054627353729347065,95.92887257378173,False,True
0.5320585862167548,0.17626147583296636,0.29167993795027863,96.60542426034357,False,True
0.06009473982683575,0.13409251976709996,0.8058127404060643,56.31336096696076,False,False
0.5844290564358782,0.19612099695819338,0.2194499466059284,96.57695063260866,False,True
0.013711982394859355,0.5353395454050369,0.45094847220010364,69.50145504478843,False,False
0.6195756536288403,0.3412006241194201,0.03922372225173953,96.25267909372943,True,True
0.3871963212684504,0.15768110049242726,0.45512257823912244,96.0752878744413,False,False
0.44821273685849483,0.10088855428330643,0.45089870885819877,96.40798645518018,False,False
0.4608031681555174,0.2760114886210933,0.2631853432233892,96.65686471855697,True,True
0.27983125488405003,0.6041160925997591,0.11605265251619094,86.45937962964966,False,False
0.5604445307453295,0.21287775733337366,0.22667771192129682,96.58741528557331,False,True
0.19003688273845365,0.5302009934994923,0.279762123762054,84.88165753268527,False,False
0.4106445611165664,0.04736252401381484,0.5419929148696186,95.59010977376974,False,False
0.3699944886834806,0.4528472555511291,0.1771582557653904,94.3353956453459,False,True
0.04192874300456527,0.8709086585466101,0.08716259844882455,67.30511698155642,False,False
0.10266385800205093,0.3363786078686818,0.5609575341292672,78.5915154518176,False,False
0.24913436833996028,0.09615232079430627,0.6547133108657335,87.45890313594204,False,False
0.6311747996791045,0.20961067461712227,0.15921452570377329,96.51231937670133,True,True
0.17008542976405952,0.7731118101454646,0.05680276009047585,75.3448435545252,False,False
0.248663475321492,0.4940827979710222,0.2572537267074858,89.68117631444845,False,False
0.003360514707684007,0.29369145299319427,0.7029480322991217,61.748360044447516,False,False
0.6649972431492019,0.0027965799205574545,0.33220617693024057,96.11261430442893,False,False
0.3738117936019281,0.17403296124215636,0.45215524515591554,96.21498153134095,False,False
0.3833723589514472,0.4571600442698591,0.15946759677869363,94.3423954676211,False,True
0.5160229817694373,0.16683133842057782,0.31714567980998487,96.61264530883903,False,True
0.009871307791507605,0.8481535477706247,0.14197514443786777,66.06516216089629,False,False
0.09966282431548533,0.39884736558986417,0.5014898100946504,79.15027653072575,False,False
0.6417994758043601,0.2105734464112591,0.1476270777843808,96.4900590666308,True,True
0.2900725481152506,0.04386699165753782,0.6660604602272115,88.85262218877796,False,False
0.4806955220935407,0.35047093414291625,0.16883354376354295,96.20980245027702,True,True
0.12317012429822607,0.7023014001749984,0.17452847552677553,74.11011753892008,False,False
0.14390691853838553,0.7934103932629826,0.06268268819863192,73.19531739438774,False,False
0.8090579026886431,0.16120787426135488,0.02973422305000205,95.97972012889662,True,True
0.05306453587114699,0.47887803408272733,0.4680574300461258,73.3042520353381,False,False
0.29770338260178114,0.044273477667812734,0.6580231397304059,89.47249711068906,False,False
0.63125084984945,0.19165416610900138,0.1770949840415486,96.55705948345089,True,True
0.19731336515104428,0.08854855653371661,0.714138078315239,80.35473480649026,False,False
0.22613834674812866,0.40620579827672504,0.36765585497514625,90.06484210788028,False,False
0.7501399937948141,0.12345901505503445,0.12640099115015144,96.14529452237512,False,True
0.3608967916001221,0.20271794447277972,0.4363852639270982,96.15342347184996,False,False
0.3347131625842839,0.16258746490226975,0.5026993725134462,95.22520415342534,False,False
0.12052817308170355,0.015335596739968878,0.8641362301783275,55.159662542330835,False,False
0.6142993025818801,0.31258028182303516,0.07312041559508475,96.29535950299399,True,True
0.04086259553722863,0.22870834748323499,0.7304290569795364,63.07768969671022,False,False
0.3948305717097203,0.5113586097266378,0.0938108185636417,94.0151987823553,False,True
0.3549916138385365,0.11800470825397086,0.5270036779074926,95.19655652314277,False,False
0.42608172098692415,0.1868506863137821,0.38706759269929364,96.48508769470473,False,False
0.14903204424620636,0.061448880028421624,0.7895190757253719,67.76166092060177,False,False
0.6778487043548707,0.19587873313321544,0.1262725625119138,96.48990321469194,True,True
0.7421837190702195,0.05064325529241858,0.20717302563736203,96.08113410843802,False,False
0.17142662196965402,0.6686546128725809,0.159918765157765,79.04683357654996,False,False
0.2732501065413006,0.299453339082496,0.4272965543762035,94.26990110147344,False,True
0.4613445896189918,0.10496423594299097,0.43369117443801714,96.46030274838941,False,False
0.43106828088039173,0.4694565866869884,0.09947513243261988,95.37092086850886,False,True
0.2752665761154888,0.18707121964467907,0.5376622042398322,93.54385133738637,False,False
0.26548404778417883,0.19574216489131832,0.5387737873245027,93.0555713077793,False,False
0.1787778322799017,0.03534786364628377,0.7858743040738145,71.31806905424456,False,False
0.1957514614442974,0.04299889206849815,0.7612496464872046,77.2012980700968,False,False
0.3280832791721709,0.0776067544846568,0.5943099663431723,92.77823224939188,False,False
0.062329782901877066,0.6048161114611179,0.3328541056370051,71.83522247045778,False,False
0.2883794288007539,0.21455072971787545,0.4970698414813708,94.25924320177556,False,False
0.37844142898305216,0.14214520108773676,0.479413369929211,95.96624924262643,False,False
0.19927111087614874,0.6361626474747138,0.1645662416491374,80.98799666042386,False,False
0.2362398853245863,0.4305034018047037,0.33325671287071,90.28554855413849,False,False
0.40862553567671756,0.3561210556939288,0.23525340862935354,96.09701802130982,True,True
0.4765534644312328,0.11224610090345302,0.41120043466531414,96.68033741111088,False,False
0.4911327522441889,0.48044351365159127,0.028423734104219785,95.67798048677216,True,True
0.19858142141802057,0.5591666398881752,0.24225193869380426,84.05065179118894,False,False
0.564200956414327,0.21151957648725203,0.22427946709842086,96.58741528557331,False,True
0.07115975018829675,0.9095089904896627,0.019331259322040606,67.70980036922823,False,False
0.23195154699665801,0.18661084064197292,0.581437612361369,90.2353395872413,False,False
0.0981762923180884,0.7126389334663501,0.18918477421556146,71.81789671143403,False,False
0.24102016395181697,0.4028315845692169,0.35614825147896606,91.26545545078794,False,False
0.0394890717745094,0.7465478947164822,0.21396303350900844,68.06462474709407,False,False
0.4469339181815622,0.4054011175208269,0.14766496429761083,96.0262795123352,True,True
0.893222879231362,0.045942067291553194,0.06083505347708478,95.92887257378173,False,True
0.12235469644953173,0.5302004964556277,0.34744480709484044,77.86651834092773,False,False
0.6634540610550176,0.224753553481471,0.1117923854635114,96.2889056204599,True,True
0.5228079167687446,0.14272659842906463,0.33446548480219074,96.56707494196559,False,False
0.42642101876828253,0.5630893457413781,0.01048963549033925,93.32999460372785,False,True
0.3519881575137663,0.6231213957742964,0.024890446711937388,89.51797705791662,False,False
0.45784362521389416,0.12750949407736195,0.4146468807087439,96.5149220814665,False,False
0.7596544874815737,0.07177475927189565,0.16857075324653067,96.05737622740492,False,False
0.7184164766531814,0.1820619064132203,0.09952161693359844,96.23011665256959,True,True
0.44331732094123516,0.21301654984155707,0.34366612921720785,96.57156448680905,False,True
0.1958589716699737,0.028531397150342298,0.7756096311796841,75.25390088634542,False,False
0.39901260108739817,0.21247253770922156,0.3885148612033803,96.55057197849897,False,True
0.17760180427928587,0.34422713798895116,0.47817105773176294,86.76907776195972,False,False
0.036882507414697896,0.9230051162550337,0.040112376330268505,66.24390175219106,False,False
0.04426254397811926,0.7948215685472506,0.16091588747463012,68.07081874569411,False,False
0.7617449339165532,0.059344358699714723,0.17891070738373216,96.06795348271257,False,False
0.15321683848026244,0.14707285283138785,0.6997103086883498,77.81934140388749,False,False
0.310137162979581,0.5775175791306287,0.11234525788979026,89.74922574023071,False,False
0.8881084864554605,0.05721744910913214,0.05467406443540732,95.92887257378173,True,True
0.09042804895033146,0.46537755335611913,0.44419439769354935,76.50417239648426,False,False
0.1554860405135844,0.602896044220614,0.2416179152658016,79.0559038982098,False,False
0.3195694952097863,0.4304186308289609,0.25001187396125274,94.06214039928487,False,True
0.5287342414620378,0.3785075630497879,0.09275819548817422,96.27315448024106,True,True
0.3696991452833893,0.1876817281006706,0.4426191266159401,96.21980273710199,False,False
0.09149131757660357,0.4652323531747448,0.4432763292486515,76.52486719034314,False,False
0.5022112337688083,0.452441838228109,0.045346928003082806,95.92739938535036,True,True
0.02223439356957032,0.5350618978279136,0.44270370860251623,70.37635974956908,False,False
0.41052584544246157,0.26359543390094237,0.32587872065659607,96.37564047483312,False,True
0.46036318038872776,0.37141243132438684,0.1682243882868855,96.15109286756883,True,True
0.20777568489035544,0.09432161652088368,0.6979026985887606,82.5225618776351,False,False
0.04275832738215762,0.11085773448286915,0.8463839381349733,50.65177089554446,False,False
0.689442682826022,0.20017586052551586,0.11038145664846213,96.30597314522002,True,True
0.9196307054911315,0.03939239912313669,0.040976895385732084,95.92887257378173,False,True
0.10094805596240228,0.45904976711095424,0.44000217692664356,77.73764464033532,False,False
0.270711129111411,0.2642886882418789,0.46500018264671,93.83490946343979,False,True
0.4131148990315089,0.25173308507679754,0.3351520158916935,96.42899811598085,False,True
0.44427765974324374,0.4976453292563373,0.05807701100041887,95.0668740688156,False,True
0.21272941806326878,0.028319852894919666,0.7589507290418115,78.35647348491037,False,False
0.167656136753041,0.18487128476508796,0.6474725784818711,82.55228107571753,False,False
0.4950791804357159,0.24625972612402305,0.258661093440261,96.74083487125039,False,True
0.3676880953286612,0.5773890329920955,0.05492287167924324,91.26396242998881,False,True
0.2847996503621062,0.14196119498255605,0.5732391546553377,92.25141260870528,False,False
0.010461403825716847,0.5246577189816934,0.4648808771925897,69.41965879729769,False,False
0.4533112701737036,0.17259748493294502,0.3740912448933515,96.52612311779066,False,False
0.5478459502831295,0.11721269844246746,0.334941351274403,96.58058697578907,False,False
0.6302974250090283,0.23366822152492606,0.13603435346604573,96.4900590666308,True,True
0.8266152618834578,0.06281340107859985,0.1105713370379423,96.01032637511993,False,True
0.16096906627998475,0.06646461849868217,0.772566315221333,71.2205144569179,False,False
0.08325223227270381,0.29930514826185994,0.6174426194654363,74.51322908678476,False,False
0.81719446387234,0.15251734705966483,0.03028818906799523,95.97972012889662,True,True
0.6661233552460264,0.158897087955984,0.1749795567979895,96.48263814639033,False,True
0.5438877543318115,0.3514407341262406,0.10467151154194793,96.31869510802153,True,True
0.9310612217369498,0.03615747476422969,0.03278130349882042,95.92887257378173,True,True
0.013709324847844668,0.13525251774325164,0.8510381574089037,47.12353559228381,False,False
0.5715381088683125,0.006507745219152431,0.42195414591253505,96.34337095725414,False,False
0.49439843132711697,0.2982880116009468,0.20731355707193613,96.56529989439791,True,True
0.21691311503624489,0.7056420934168671,0.07744479154688798,80.15355687601496,False,False
0.38866238798447617,0.0014913754292839837,0.6098462365862399,93.73938098504041,False,False
0.48532890249851474,0.3820590830126457,0.1326120144888396,96.1281143123519,True,True
0.26906971512890443,0.5114885891700398,0.21944169570105573,89.6323698419545,False,False
0.009072254696257803,0.7110447435682979,0.2798830017354442,67.55943603471678,False,False
0.013546453610755923,0.9532123538806957,0.03324119250854832,65.01624611673112,False,False
0.7638797982741964,0.21467359081080306,0.02144661091500046,96.26835890254759,True,True
0.6822922027499512,0.08773161112961368,0.22997618612043524,96.21825619284168,False,False
0.8170485415537562,0.12223059081522067,0.06072086763102319,95.9618342673265,True,True
0.6359615638001678,0.14601795663395514,0.21802047956587706,96.50942031200933,False,True
0.5060997109131534,0.13944409186987425,0.3544561972169723,96.6036296465959,False,False
0.662874579144187,0.2842875649764917,0.052837855879321216,96.30647138479144,True,True
0.179896989391907,0.702894547771627,0.11720846283646608,78.47097249177116,False,False
0.1880389695568525,0.7531074867712672,0.058853543671880275,77.03701110697214,False,False
0.2686708561123289,0.6837953529167129,0.04753379097095833,83.6720272492177,False,False
0.5670182692574077,0.3583823361658697,0.07459939457672271,96.20549107387309,True,True
0.40128064311600603,0.3908145518230501,0.2079048050609438,95.68446477831561,True,True
0.6544212817008391,0.1708816969818355,0.17469702131732537,96.51168429692325,False,True
0.18538274071597965,0.3796849178207788,0.4349323414632415,87.28994945825718,False,False
0.20665921291207082,0.39155202687171015,0.40178876021621907,88.81044958206063,False,False
0.32603516000375055,0.599798742331045,0.0741660976652044,89.43859310706058,False,False
0.5238290233189516,0.22113322914328848,0.25503774753775993,96.56772891353657,False,True
0.5953603849883792,0.35528477974696526,0.04935483526465559,96.29274143759497,True,True
0.2497775044816706,0.1230166881963605,0.6272058073219688,89.15128381854046,False,False
0.31576821539270306,0.5859563089224,0.09827547568489685,89.6581881706703,False,False
0.2040843707141476,0.23616857347596062,0.5597470558098918,88.79476111896821,False,False
0.3025383898126305,0.4149490819475132,0.2825125282398564,94.02394780055943,False,True
0.5015487847779504,0.14950350137540908,0.3489477138466405,96.57947163090407,False,False
0.12294973402861992,0.6681616815799262,0.20888858439145394,74.66870075972555,False,False
0.36497881416225086,0.1615254579697947,0.4734957278679544,95.98630299075525,False,False
0.14621383061049434,0.6072282138654933,0.24655795552401238,77.57737500973492,False,False
0.6051560465611175,0.03756026015510108,0.3572836932837813,96.37791133414146,False,False
0.6980103231194608,0.05216299321644978,0.24982668366408947,96.13407716554806,False,False
0.9074604189503059,0.07549925577704246,0.017040325272651705,95.76345648701793,True,True
0.28769404977225543,0.07657139771733558,0.6357345525104089,90.2242793858018,False,False
0.6613547711607863,0.15611618328634871,0.18252904555286492,96.48263814639033,False,True
0.06158665731106634,0.6566112717643882,0.2818020709245455,71.17973138115397,False,False
0.6971099794156261,0.0731242088421318,0.22976581174224198,96.22752150711341,False,False
0.11458567294663102,0.6052999579824838,0.2801143690708851,75.90141279222192,False,False
0.13532335371780013,0.6911002089675747,0.17357643731462508,74.63177998540871,False,False
0.04652424168691159,0.8542195049244932,0.09925625338859548,67.62438677417694,False,False
0.3183676955973588,0.09990359235277739,0.581728712049864,93.07471766853013,False,False
0.0573688189540493,0.3549991186825028,0.5876320623634479,73.66530518214705,False,False
0.3188883471220332,0.2994121888518012,0.3816994640261655,95.54959031300793,False,True
0.059430327141931166,0.7163000684681213,0.22426960438994742,69.85268924784351,False,False
0.2131857260177694,0.16231718727956582,0.6244970867026649,86.96151500077272,False,False
0.1291391388140004,0.14876610900851941,0.7220947521774802,72.90405686357889,False,False
0.13284183449517983,0.5791169037942796,0.2880412617105407,77.65771606819388,False,False
0.33339803348310115,0.1566976926650911,0.5099042738518078,95.15588576146897,False,False
0.060406965274158154,0.8125907115209453,0.12700232320489646,68.52651882994773,False,False
0.4074629557763723,0.18861988022998152,0.40391716399364613,96.51801353409931,False,False
0.5034496285058014,0.1637897909560421,0.3327605805381564,96.58848384576972,False,False
0.173667492379026,0.7084322105860955,0.1179002970348786,77.54254319707964,False,False
0.39081471212523006,0.6075024942724214,0.001682793602348564,91.30277360942675,False,True
0.2585798690110246,0.22621236593546346,0.515207765053512,93.05931703280147,False,False
0.1565650667609168,0.5004085194098875,0.34302641382919563,82.71978972028487,False,False
0.4635519356264946,0.15216763305277678,0.3842804313207286,96.4234554007747,False,False
0.04555608268345957,0.9067068218021994,0.04773709551434122,66.82861128911473,False,False
0.20996754299036163,0.5611898276847296,0.2288426293249089,84.89194532475312,False,False
0.22835538343684797,0.6851482408912892,0.0864963756718627,81.16896781128665,False,False
0.056967535820128284,0.20913531753257533,0.7338971466472964,64.74051996017653,False,False
0.5383311390035994,0.3591461085047707,0.10252275249162988,96.33801011426858,True,True
0.34852142519344004,0.37035415302980146,0.28112442177675845,95.19736149413042,False,True
0.47229378382200915,0.4823001422054123,0.045406073972578544,95.66224834902302,False,True
0.2495012486800667,0.621381093476378,0.12911765784355536,84.2797402865921,False,False
0.04659681432214359,0.31815988223556796,0.6352433034422884,70.30598919467823,False,False
0.045089407643296914,0.17282619174146638,0.7820844006152367,57.244953522951626,False,False
0.6063313523975867,0.21221595664500797,0.18145269095740527,96.54513474243849,True,True
0.6290328117346174,0.29833522160824716,0.07263196665713542,96.29167852120493,True,True
0.6242997683706858,0.2925568171025999,0.0831434145267143,96.30885604818559,True,True
0.18042779868642464,0.23895708723691123,0.5806151140766643,85.84142836013562,False,False
0.04567923206391465,0.8703020158741065,0.08401875206197894,67.44814509416383,False,False
0.42008821066523366,0.17549615790680198,0.4044156314279643,96.50720462958203,False,False
0.08719929647843709,0.6959785400809136,0.21682216344064925,71.75797357665942,False,False
0.62946885100562,0.32150215748607536,0.04902899150830449,96.23506198621963,True,True
0.5800465580499288,0.24616164110160813,0.1737918008484631,96.61367309464664,True,True
0.4142708136652542,0.1894392441260022,0.39628994220874364,96.51377847564582,False,False
0.6467982530174584,0.04056328890967689,0.31263845807286467,96.10012048434257,False,False
0.399462643768297,0.5085044558359975,0.0920329003957056,94.0824743510467,False,True
0.3421182121409167,0.23636635447086804,0.42151543338821523,95.73947070502335,False,True
0.4010598854228396,0.49583033178971236,0.10310978278744823,94.20260727364939,False,True
0.2129861681730882,0.7387001997958247,0.04831363203108714,78.88383191950783,False,False
0.5796787924048201,0.13163979386083668,0.2886814137343432,96.5566987965506,False,False
0.8996283897419386,0.051079318297615396,0.04929229196044614,95.92887257378173,True,True
0.892454161236928,0.021082636078537356,0.08646320268453465,95.94331421341501,False,False
0.45415202681241146,0.44800157048239525,0.09784640270519346,95.78147792311223,True,True
0.6084163640481288,0.386452794632228,0.005130841319643304,96.165273368382,True,True
0.002690957904359574,0.7667943495587665,0.2305146925368739,66.9640393090385,False,False
0.39103790314053116,0.013773289839213878,0.595188807020255,94.13907184238462,False,False
0.3675639664657208,0.48921005305905635,0.14322598047522292,93.65706072613177,False,True
0.022357537374262444,0.09210821991896875,0.8855342427067688,45.31823465649447,False,False
0.527124802689682,0.03573369900098947,0.43714149830932864,96.51332640989109,False,False
0.23209723049411352,0.7491034165338557,0.018799352972030746,79.56600683379277,False,False
0.42266358500057577,0.5245655159198344,0.05277089907958972,94.1018377460574,False,True
0.11174511215289101,0.36552804821451046,0.5227268396325985,80.2076937127605,False,False
0.3253579736597505,0.299262433878444,0.37537959246180547,95.68792444663055,False,True
0.24599798666015582,0.04311323183650735,0.7108887815033369,83.68565214919859,False,False
0.14353092799066697,0.4056270752109146,0.4508419967984185,82.87006630023335,False,False
0.4296812058713699,0.43740994242882375,0.13290885169980643,95.65812204050178,False,True
0.7891455484791454,0.05269692108985203,0.15815753043100256,96.0517020001514,False,False
0.03978668969180623,0.2704655269627779,0.6897477833454159,66.56009131878471,False,False
0.21169496871700944,0.5423940580966067,0.24591097318638377,85.4838005093068,False,False
0.33441969941573807,0.2802813929026824,0.3852989076815796,95.77877251285085,False,True
0.3801561394151322,0.5294341030916013,0.0904097574932664,92.7797235708864,False,True
0.05821720285370625,0.12136810596177054,0.8204146911845231,54.672118037440676,False,False
0.4208648159192004,0.20076002801650988,0.37837515606428973,96.59798494373936,False,True
0.382366931046698,0.5159851380628656,0.10164793089043636,93.20889112436839,False,True
0.02964389471056382,0.5611593409115792,0.409196764377857,70.26333471139343,False,False
0.17576875079486656,0.5047760230824262,0.3194552261227072,83.73435006054308,False,False
0.7185886329077937,0.22698734974558915,0.054424017346617094,96.25410254085328,True,True
0.024580990115974123,0.3842911401528276,0.5911278697311982,69.46755830012441,False,False
0.5984046653436736,0.1872902734106532,0.21430506124567314,96.62154502942299,False,True
0.06506061129672779,0.4967931859734475,0.4381462027298246,74.04763352058853,False,False
0.46677273202857783,0.2192932486662768,0.3139340193051455,96.78590681369417,False,True
0.057769497651805606,0.9233396368948881,0.018890865453306302,67.2144862369937,False,False
0.8873830184048535,0.08821656242012484,0.02440041917502166,95.84329188671386,True,True
0.0388321933038501,0.7340691797129717,0.22709862698317826,68.37827753494928,False,False
0.001809135634457317,0.5023754523196253,0.4958154120459173,68.78401481815798,False,False
0.6312836805964834,0.1808748069103143,0.18784151249320238,96.52938690146145,False,True
0.09168858681150943,0.15263484400444233,0.7556765691840482,64.73558214543309,False,False
0.4587696200645374,0.10920056729005811,0.43202981264540447,96.46030274838941,False,False
0.8785413556913784,0.06389808283419217,0.05756056147442938,95.92887257378173,True,True
0.0347600463914477,0.915825491436909,0.04941446217164327,66.23343512577031,False,False
0.6824641746858824,0.29779396469332287,0.019741860620794714,96.25077481785223,True,True
0.4004207070791733,0.4387467752941493,0.16083251762667738,95.02190969911628,False,True
0.47334132134852125,0.4364791166078679,0.09017956204361084,95.94856988717014,True,True
0.5008684686788072,0.36682575878717283,0.13230577253402,96.22879727835473,True,True
0.0868616304956033,0.4606491922575808,0.45248917724681603,76.42266204527829,False,False
0.6056239497756445,0.10025591272105254,0.2941201375033029,96.47631591743662,False,False
0.641726212005066,0.07524648431022808,0.2830273036847059,96.28238703074923,False,False
0.06869944124572672,0.33862679707654075,0.5926737616777327,74.50811156819616,False,False
0.6314325973724959,0.06444183542678718,0.304125567200717,96.26893817395155,False,False
0.5231825554336044,0.32512067713205994,0.1516967674343358,96.30696606124654,True,True
0.3931069699214807,0.5092200303041491,0.09767299977437001,93.80737862116322,False,True
0.17155282997016513,0.20667443045676115,0.6217727395730737,83.8668190037754,False,False
0.1162964878644331,0.1820348915483906,0.7016686205871762,73.21658356216322,False,False
0.6503049681485495,0.04846719632496727,0.30122783552648325,96.15719566188203,False,False
0.6153980461107336,0.1420674825652441,0.24253447132402242,96.60128220225963,False,True
0.5422899686611141,0.15720269935757952,0.3005073319813063,96.65363438667514,False,True
0.08800517227695946,0.7377246963961155,0.174270131326925,70.93520768568015,False,False
0.675800516530671,0.19855554446119272,0.12564393900813636,96.48990321469194,True,True
0.16427467779304036,0.3307694336302619,0.5049558885766976,85.51824420335214,False,False
0.025601629140606517,0.02749838702276857,0.946899983836625,41.20708319572363,False,False
0.533854283681026,0.31146089294430707,0.1546848233746669,96.3294516500843,True,True
0.5070484805263642,0.1763275731987831,0.31662394627485274,96.58848384576972,False,True
0.034717818197187326,0.5423006288185087,0.4229815529843039,71.01547794407,False,False
0.30039576198049645,0.4803763089531594,0.2192279290663441,91.84429811622795,False,False
0.06813693559568336,0.18805997258452692,0.7438030918197897,64.40696781650063,False,False
0.5364713578105246,0.20272571562637734,0.26080292656309806,96.61074486391672,False,True
0.49963115885618625,0.05220134609463793,0.4481674950491757,96.54212917956005,False,False
0.09994566595092123,0.4956000450878089,0.4044542889612699,76.85000317009028,False,False
0.4966275760346169,0.3284423873492575,0.17493003661612574,96.42843479329333,True,True
0.6067576124926336,0.10114609295526726,0.2920962945520992,96.47631591743662,False,False
0.125826231207542,0.5683954898121124,0.30577827898034565,77.11748508230062,False,False
0.2806756352544253,0.1589103191695204,0.5604140455760543,92.77813755402028,False,False
0.5727953362491733,0.1715525883322122,0.25565207541861434,96.66612843513198,False,True
0.01692570335211352,0.27471783457954113,0.7083564620683453,62.373338600281436,False,False
0.17499847139976696,0.5533434408154665,0.2716580877847666,81.62855868553943,False,False
0.2970834528874388,0.6577089646763357,0.04520758243622551,85.62772713286851,False,False
0.05576966039565119,0.5214508659639203,0.4227794736404285,72.95983340418982,False,False
0.6331692722345823,0.30824780916351047,0.05858291860190738,96.30220290796878,True,True
0.8619285952300062,0.029047094984563912,0.1090243097854299,95.94331421341501,False,False
0.08183050563939355,0.7808342669391373,0.13733522742146925,69.79814997511848,False,False
0.1311429354100038,0.7112229074643092,0.15763415712568693,74.11040014766856,False,False
0.012080039336087053,0.6890483458528681,0.2988716148110448,68.07345644161896,False,False
0.16982684667472434,0.4771843972700709,0.35298875605520486,84.75106041496687,False,False
0.5294876237330596,0.31462362953511225,0.15588874673182807,96.3294516500843,True,True
0.10986502614924493,0.22649982887661896,0.6636351449741361,75.70084714599842,False,False
0.44449876423057905,0.37426822252195613,0.18123301324746482,96.16146779906899,True,True
0.8007060224875777,0.16045423800090353,0.03883973951151864,95.97972012889662,True,True
0.49299096865038466,0.440066980648215,0.06694205070140034,96.01020375907278,True,True
0.059724484886389165,0.6147535147470146,0.3255220003665962,71.52704013400741,False,False
0.09864058691589457,0.07499194870463438,0.8263674643794712,57.42590448792356,False,False
0.8612366126493259,0.07481919017075533,0.0639441971799186,96.01032637511993,True,True
0.21716512424547574,0.47924327051285825,0.303591605241666,88.12922833016785,False,False
0.15944501602838546,0.563612017164891,0.2769429668067236,80.23516209020289,False,False
0.498017944367624,0.01342374305664259,0.48855831257573346,96.23805336069661,False,False
0.37386494691108074,0.5165608743632217,0.10957417872569748,93.00266783092506,False,True
0.4905883561597355,0.04967293181801329,0.4597387120222513,96.50456286015465,False,False
0.026233009232798744,0.5669432862949442,0.40682370447225713,69.90532195913329,False,False
0.2783847428211823,0.6054750402900274,0.11614021688879025,86.38156131979484,False,False
0.2673869697129822,0.4996405104982006,0.2329725197888172,89.99465082926343,False,False
0.0851083362909862,0.15961338371025238,0.7552782799987614,64.56098828474434,False,False
0.3908499277504414,0.30434194042674545,0.30480813182281313,96.12778980137739,False,True
0.7697464397959582,0.039540483362718815,0.1907130768413231,96.00394357639715,False,False
0.1251704750848114,0.3867052842646893,0.4881242406504992,81.81142787265665,False,False
0.08801999922342224,0.3824259476181077,0.52955405315847,78.08872208372681,False,False
0.35023550792402736,0.4568061159231398,0.1929583761528327,94.02298291155601,False,True
0.2183566010935397,0.06768559128321515,0.7139578076232451,81.74533430984262,False,False
0.39687796252440005,0.07260969694226713,0.5305123405333327,95.62419748525923,False,False
0.22026189317031286,0.7212484047557145,0.05848970207397254,79.66980994725823,False,False
0.576182139052676,0.3560609658170711,0.06775689513025285,96.32563031603074,True,True
0.32612951121308753,0.028638905191350553,0.645231583595562,91.00583788011818,False,False
0.07599059239486088,0.5041784126735109,0.4198309949316281,74.75039937671951,False,False
0.7645181172703454,0.15742036201557488,0.07806152071407989,96.04091083274369,True,True
0.6381635068389733,0.06693103632702935,0.2949054568339972,96.26893817395155,False,False
0.05106852003896963,0.9172798653390152,0.03165161462201533,66.94278240280919,False,False
0.823619803049712,0.04318844144278454,0.13319175550750353,96.0517020001514,False,False
0.06254166546519668,0.3981517244966708,0.5393066100381324,74.37845872617277,False,False
0.1060358938484486,0.4201894478976081,0.4737746582539433,80.02266030253354,False,False
0.26134179865763096,0.4454595785607735,0.2931986227815954,91.50701657904537,False,False
0.8212411349481158,0.11991504103949915,0.05884382401238508,95.9618342673265,True,True
0.36806371185269066,0.2196847740322901,0.41225151411501937,96.31392595505719,False,True
0.19175967365219232,0.7788096829953736,0.029430643352434244,76.7320463942136,False,False
0.30222934691465453,0.3194616555148074,0.378308997570538,95.06679910298561,False,True
0.2168020963340143,0.0011115701851894897,0.7820863334807963,76.05337785020552,False,False
0.21092367684054888,0.6868228614738541,0.10225346168559711,80.25443895323777,False,False
0.11441169840430968,0.11507801400923276,0.7705102875864577,65.82054956575605,False,False
0.10602971912313355,0.8735847301794966,0.02038555069736998,69.54921996035873,False,False
0.4835030929000211,0.04330655812250655,0.47319034897747236,96.28882263597255,False,False
0.05108070358442064,0.0625822242228197,0.8863370721927598,47.29639738730877,False,False
0.5445037151872428,0.255796445372209,0.19969983944054812,96.57817567716424,True,True
0.3363678874204298,0.49280682467062115,0.17082528790894916,92.63213107965079,False,True
0.09025472905914944,0.5905524863834153,0.3191927845574353,73.80615971210402,False,False
0.23557138167184108,0.09385442619922842,0.6705741921289304,85.91521213794361,False,False
0.4302354766979289,0.28347130909322643,0.28629321420884474,96.37020572229171,False,True
0.8999977480604634,0.03076571569193821,0.06923653624759837,95.92887257378173,False,False
0.06576159677347304,0.1545483480553732,0.779690055171154,60.08541003910336,False,False
0.26883866587090816,0.16299739787074094,0.5681639362583509,92.18018354611435,False,False
0.2061738024862465,0.7439264024593004,0.04989979505445296,78.0402380420497,False,False
0.13052860653637224,0.5900607093424769,0.279410684121151,77.32452646821507,False,False
0.6667387941012011,0.26625564630345944,0.06700555959533958,96.29302761116568,True,True
0.35895073281272843,0.3886803111059212,0.2523689560813503,95.23013964031577,False,True
0.2974482127124956,0.5638326685802006,0.1387191187073037,89.56537145269384,False,False
0.15224821823277582,0.6828886105681244,0.16486317119909955,76.08998193237161,False,False
0.9138861117220132,0.02616732394788399,0.05994656433010293,95.90640077261303,False,False
0.24624425303023326,0.36488545554425145,0.3888702914255153,92.44185733627923,False,True
0.5489199178651261,0.1084206036780071,0.34265947845686684,96.5515668599909,False,False
0.7665413999596467,0.22900077575244984,0.004457824287903656,96.30011411475103,True,True
0.46109065577420133,0.017022453102386807,0.521886891123412,95.95881633038582,False,False
0.7203641323525795,0.12078037373160146,0.158855493915819,96.2371711820519,False,True
0.7620643770554976,0.17892901739361317,0.05900660555088925,96.19982614524271,True,True
0.4421896949893299,0.1773527308733575,0.38045757413731257,96.50389972019036,False,False
0.11281628901426245,0.6622984952615438,0.22488521572419384,73.82446814452959,False,False
0.5735665852174345,0.07924235243401298,0.34719106234855257,96.50404664051877,False,False
0.5329031791883548,0.31785937245989887,0.14923744835174627,96.34702191480962,True,True
0.293539594903672,0.6621287521242877,0.044331652972040385,85.21539834666608,False,False
0.9420790235023984,0.011243434010625898,0.04667754248697567,95.97306084829651,False,False
0.9399329870736243,0.02772971061893021,0.03233730230744545,95.95861920866324,False,True
0.22807642023965605,0.7691860760566421,0.002737503703701874,78.59697132537151,False,False
0.2802610453837115,0.6204504931129052,0.09928846150338319,85.88955433956274,False,False
0.2845016584610777,0.6978582038573293,0.017640137681592925,83.85727359024749,False,False
0.5587737687695643,0.05958927951653686,0.38163695171389883,96.55570167930375,False,False
0.66209296483949,0.16835103962304612,0.16955599553746392,96.51168429692325,False,True
0.5786714229381436,0.08364734925417315,0.3376812278076833,96.52801496672332,False,False
0.04522981361599622,0.7412618388012122,0.21350834758279158,68.5681656111733,False,False
0.668553348485298,0.25958731395931256,0.07185933755538951,96.29302761116568,True,True
0.5122332894293186,0.0048316272539690635,0.48293508331671253,96.32807121798635,False,False
0.23004808352849876,0.17906451448133964,0.5908874019901615,89.80183451816269,False,False
0.13999281774062314,0.5638610221174655,0.2961461601419113,78.49177234627213,False,False
0.3079113242626863,0.19301919612189944,0.4990694796154141,94.80807104230878,False,False
0.7120550683886633,0.12720418437220501,0.1607407472391316,96.2371711820519,False,True
0.5393890747786187,0.17906670442401615,0.28154422079736524,96.59127156287973,False,True
0.05045657920587536,0.1244140851931767,0.8251293356009479,53.048705986123046,False,False
0.6228799768269657,0.3181435505839571,0.058976472589077254,96.27818216950016,True,True
0.16810297244785793,0.45617494046547763,0.3757220870866643,84.87141841716426,False,False
0.18714127320042592,0.6204478490354073,0.19241087776416685,80.79098516425745,False,False
0.09149073546561141,0.17051194950157536,0.7379973150328133,66.83695103532634,False,False
0.022650164556841018,0.77386825006032,0.20348158538283917,67.559974892667,False,False
0.17415273215648314,0.7014325413563969,0.12441472648711992,77.76993258537568,False,False
0.46944106529434465,0.03313860177180567,0.49742033293384985,96.2992349504701,False,False
0.341595719055837,0.19205582485538603,0.46634845608877684,95.52797680939375,False,False
0.0251914381936926,0.6690982852575422,0.305710276548765,68.75448256506147,False,False
0.25108623123506424,0.21973880580471175,0.529174962960224,92.66405608712422,False,False
0.4429597894658835,0.035310062268688436,0.521730148265428,95.9487615979234,False,False
0.07447567809728713,0.5062258199487482,0.41929850195396473,74.57851155228748,False,False
0.2528787800912306,0.42600467391736885,0.32111654599140055,91.30545179624133,False,False
0.028281292316079336,0.4895288590021135,0.48218984868180725,71.38223283958278,False,False
0.6626976829182679,0.17836403592370176,0.15893828115803033,96.51168429692325,True,True
0.7196894702573656,0.04422704292118921,0.23608348682144528,96.08214800996575,False,False
0.8447215598965168,0.10359898564277459,0.05167945446070874,95.92616077425586,True,True
0.08079027237889962,0.42082321269196427,0.4983865149291362,76.33939564126669,False,False
0.12762668875206457,0.20162228727689901,0.6707510239710365,76.43359044494548,False,False
0.11370160540953679,0.2752469324240083,0.6110514621664549,78.73139538445766,False,False
0.47455772386023065,0.3978410321631291,0.12760124397664022,96.12288474249193,True,True
0.24297740771556223,0.6741984293299846,0.08282416295445325,82.01057124244943,False,False
0.8169167705422667,0.050934592966509255,0.13214863649122396,96.01471618764027,False,False
0.008586370908716027,0.43987637765478776,0.5515372514364962,68.94171654487207,False,False
0.331549413900325,0.5649242574116367,0.10352632868803836,90.60377935043687,False,False
0.27049173804898513,0.6334359936443346,0.09607226830668032,85.23617604737976,False,False
0.7518220489589024,0.11933152763048703,0.12884642341061056,96.14529452237512,False,True
0.3385344087034229,0.28413746413491175,0.3773281271616654,95.81644062650689,False,True
0.4859185854029647,0.44475216422968017,0.06932925036735518,95.93599641681124,True,True
0.20274047143194318,0.7752987983618796,0.021960730206177215,77.34805322192439,False,False
0.262760355185455,0.11580893016718168,0.6214307146473633,89.91455994721773,False,False
0.2878010141870128,0.003807887597538408,0.7083910982154487,85.32172718103472,False,False
0.7588194729724499,0.18806160023240762,0.0531189267951425,96.22160958268518,True,True
0.4599840438764266,0.3798319866348111,0.16018396948876235,96.15109286756883,True,True
0.03911324551626694,0.5371669846302606,0.4237197698534726,71.54044318065138,False,False
0.24740649075868115,0.5259559690854112,0.22663754015590754,87.8486420249352,False,False
0.3792838240974577,0.39195968921531193,0.22875648668723034,95.53792351242144,False,True
